region,year,value,scenario,horizon
EP,1980,20.0,historical,
EP,1981,17.0,historical,
EP,1982,33.0,historical,
EP,1983,28.0,historical,
EP,1984,25.0,historical,
EP,1985,26.0,historical,
EP,1986,22.0,historical,
EP,1987,22.0,historical,
EP,1988,25.0,historical,
EP,1989,32.0,historical,
EP,1990,31.0,historical,
EP,1991,24.0,historical,
EP,1992,41.0,historical,
EP,1993,24.0,historical,
EP,1994,29.0,historical,
EP,1995,20.0,historical,
EP,1996,25.0,historical,
EP,1997,36.0,historical,
EP,1998,19.0,historical,
EP,1999,16.0,historical,
EP,2000,25.0,historical,
EP,2001,23.0,historical,
EP,2002,25.0,historical,
EP,2003,22.0,historical,
EP,2004,24.0,historical,
EP,2005,19.0,historical,
EP,2006,26.0,historical,
EP,2007,21.0,historical,
EP,2008,23.0,historical,
EP,2009,27.0,historical,
EP,2010,15.0,historical,
EP,2011,16.0,historical,
EP,2012,21.0,historical,
EP,2013,24.0,historical,
EP,2014,27.0,historical,
EP,2015,34.0,historical,
EP,2016,26.0,historical,
EP,2017,23.0,historical,
EP,2018,29.0,historical,
EP,2019,26.0,historical,
EP,2020,23.0,historical,
EP,2021,24.0,historical,
EP,2022,24.0,historical,
EP,2023,23.0,historical,
EP,2024,22.0,historical,
EP,2025,28.0,historical,
NI,1980,5.0,historical,
NI,1981,4.0,historical,
NI,1982,19.0,historical,
NI,1983,10.0,historical,
NI,1984,8.0,historical,
NI,1985,17.0,historical,
NI,1986,8.0,historical,
NI,1987,13.0,historical,
NI,1988,10.0,historical,
NI,1989,10.0,historical,
NI,1990,12.0,historical,
NI,1991,9.0,historical,
NI,1992,15.0,historical,
NI,1993,6.0,historical,
NI,1994,6.0,historical,
NI,1995,10.0,historical,
NI,1996,12.0,historical,
NI,1997,10.0,historical,
NI,1998,13.0,historical,
NI,1999,10.0,historical,
NI,2000,6.0,historical,
NI,2001,7.0,historical,
NI,2002,6.0,historical,
NI,2003,7.0,historical,
NI,2004,11.0,historical,
NI,2005,16.0,historical,
NI,2006,13.0,historical,
NI,2007,6.0,historical,
NI,2008,10.0,historical,
NI,2009,8.0,historical,
NI,2010,8.0,historical,
NI,2011,10.0,historical,
NI,2012,5.0,historical,
NI,2013,10.0,historical,
NI,2014,8.0,historical,
NI,2015,12.0,historical,
NI,2016,8.0,historical,
NI,2017,12.0,historical,
NI,2018,15.0,historical,
NI,2019,11.0,historical,
NI,2020,10.0,historical,
NI,2021,10.0,historical,
NI,2022,15.0,historical,
NI,2023,10.0,historical,
NI,2024,13.0,historical,
NI,2025,17.0,historical,
SA,2004,1.0,historical,
SA,2010,1.0,historical,
SA,2011,1.0,historical,
SI,1980,21.0,historical,
SI,1981,24.0,historical,
SI,1982,25.0,historical,
SI,1983,13.0,historical,
SI,1984,28.0,historical,
SI,1985,24.0,historical,
SI,1986,26.0,historical,
SI,1987,16.0,historical,
SI,1988,16.0,historical,
SI,1989,21.0,historical,
SI,1990,23.0,historical,
SI,1991,17.0,historical,
SI,1992,22.0,historical,
SI,1993,18.0,historical,
SI,1994,23.0,historical,
SI,1995,18.0,historical,
SI,1996,24.0,historical,
SI,1997,21.0,historical,
SI,1998,19.0,historical,
SI,1999,23.0,historical,
SI,2000,21.0,historical,
SI,2001,19.0,historical,
SI,2002,18.0,historical,
SI,2003,21.0,historical,
SI,2004,19.0,historical,
SI,2005,20.0,historical,
SI,2006,17.0,historical,
SI,2007,15.0,historical,
SI,2008,21.0,historical,
SI,2009,19.0,historical,
SI,2010,16.0,historical,
SI,2011,16.0,historical,
SI,2012,19.0,historical,
SI,2013,16.0,historical,
SI,2014,17.0,historical,
SI,2015,18.0,historical,
SI,2016,10.0,historical,
SI,2017,16.0,historical,
SI,2018,14.0,historical,
SI,2019,21.0,historical,
SI,2020,18.0,historical,
SI,2021,21.0,historical,
SI,2022,24.0,historical,
SI,2023,15.0,historical,
SI,2024,16.0,historical,
SI,2025,24.0,historical,
SP,1980,12.0,historical,
SP,1981,15.0,historical,
SP,1982,11.0,historical,
SP,1983,17.0,historical,
SP,1984,12.0,historical,
SP,1985,17.0,historical,
SP,1986,12.0,historical,
SP,1987,17.0,historical,
SP,1988,8.0,historical,
SP,1989,14.0,historical,
SP,1990,9.0,historical,
SP,1991,7.0,historical,
SP,1992,16.0,historical,
SP,1993,15.0,historical,
SP,1994,8.0,historical,
SP,1995,8.0,historical,
SP,1996,11.0,historical,
SP,1997,19.0,historical,
SP,1998,23.0,historical,
SP,1999,14.0,historical,
SP,2000,10.0,historical,
SP,2001,12.0,historical,
SP,2002,13.0,historical,
SP,2003,14.0,historical,
SP,2004,8.0,historical,
SP,2005,14.0,historical,
SP,2006,9.0,historical,
SP,2007,11.0,historical,
SP,2008,9.0,historical,
SP,2009,11.0,historical,
SP,2010,12.0,historical,
SP,2011,9.0,historical,
SP,2012,7.0,historical,
SP,2013,8.0,historical,
SP,2014,12.0,historical,
SP,2015,9.0,historical,
SP,2016,12.0,historical,
SP,2017,10.0,historical,
SP,2018,8.0,historical,
SP,2019,9.0,historical,
SP,2020,12.0,historical,
SP,2021,12.0,historical,
SP,2022,9.0,historical,
SP,2023,8.0,historical,
SP,2024,11.0,historical,
SP,2025,11.0,historical,
WP,1980,32.0,historical,
WP,1981,35.0,historical,
WP,1982,28.0,historical,
WP,1983,29.0,historical,
WP,1984,34.0,historical,
WP,1985,37.0,historical,
WP,1986,37.0,historical,
WP,1987,29.0,historical,
WP,1988,37.0,historical,
WP,1989,41.0,historical,
WP,1990,37.0,historical,
WP,1991,35.0,historical,
WP,1992,39.0,historical,
WP,1993,39.0,historical,
WP,1994,44.0,historical,
WP,1995,35.0,historical,
WP,1996,48.0,historical,
WP,1997,34.0,historical,
WP,1998,29.0,historical,
WP,1999,36.0,historical,
WP,2000,35.0,historical,
WP,2001,35.0,historical,
WP,2002,35.0,historical,
WP,2003,29.0,historical,
WP,2004,34.0,historical,
WP,2005,26.0,historical,
WP,2006,28.0,historical,
WP,2007,28.0,historical,
WP,2008,29.0,historical,
WP,2009,32.0,historical,
WP,2010,22.0,historical,
WP,2011,28.0,historical,
WP,2012,27.0,historical,
WP,2013,38.0,historical,
WP,2014,26.0,historical,
WP,2015,32.0,historical,
WP,2016,32.0,historical,
WP,2017,34.0,historical,
WP,2018,37.0,historical,
WP,2019,32.0,historical,
WP,2020,28.0,historical,
WP,2021,29.0,historical,
WP,2022,31.0,historical,
WP,2023,20.0,historical,
WP,2024,29.0,historical,
WP,2025,34.0,historical,
