STRUCTURE,STRUCTURE_ID,ACTION,FREQ,REF_AREA,INDICATOR,SEX,AGE,URBANISATION,UNIT_MEASURE,COMP_BREAKDOWN_1,COMP_BREAKDOWN_2,COMP_BREAKDOWN_3,UNIT_TYPE,DATABASE_ID,TIME_FORMAT,UNIT_MULT,DATA_SOURCE,OBS_CONF,OBS_STATUS,FREQ_LABEL,REF_AREA_LABEL,INDICATOR_LABEL,SEX_LABEL,AGE_LABEL,URBANISATION_LABEL,UNIT_MEASURE_LABEL,COMP_BREAKDOWN_1_LABEL,COMP_BREAKDOWN_2_LABEL,COMP_BREAKDOWN_3_LABEL,UNIT_TYPE_LABEL,DATABASE_ID_LABEL,TIME_FORMAT_LABEL,UNIT_MULT_LABEL,OBS_STATUS_LABEL,OBS_CONF_LABEL,2002,2003,2004,2005,2006,2007,2008,2009,2010,2012,2013,2014,2015,2016,2017,2018,2019,2020,2021,2022,2023,2024,2025
datastructure,WB.DATA360:DS_DATA360(1.2),I,A,NPL,RWB_PFI_SCORE,_Z,_Z,_Z,SCORE,_Z,_Z,_Z,NUMBER,RWB_PFI,602,0,RWB_PFI,PU,A,Annual,Nepal,Press Freedom Index Score,Not applicable,Not applicable,Not applicable,Score,Not Applicable,Not Applicable,Not Applicable,Number (real number),Press Freedom Index,CCYY,Units,Normal value,Public,63.0,51.5,84.0,86.75,73.5,53.75,43.25,35.625,36.38,38.75,65.39,63.84,67.29,67.38,66.98,67.95,66.6,64.9,65.38,62.67,57.89,60.52,55.2
datastructure,WB.DATA360:DS_DATA360(1.2),I,A,COD,RWB_PFI_SCORE,_Z,_Z,_Z,SCORE,_Z,_Z,_Z,NUMBER,RWB_PFI,602,0,RWB_PFI,PU,A,Annual,"Congo, Dem. Rep.",Press Freedom Index Score,Not applicable,Not applicable,Not applicable,Score,Not Applicable,Not Applicable,Not Applicable,Number (real number),Press Freedom Index,CCYY,Units,Normal value,Public,40.75,38.5,51.5,57.33,51.0,50.5,51.25,53.5,51.83,67.67,58.34,55.36,55.69,49.03,47.33,48.4,48.29,50.91,51.41,47.66,48.55,48.91,42.31
datastructure,WB.DATA360:DS_DATA360(1.2),I,A,ISR,RWB_PFI_SCORE,_Z,_Z,_Z,SCORE,_Z,_Z,_Z,NUMBER,RWB_PFI,602,0,RWB_PFI,PU,A,Annual,Israel,Press Freedom Index Score,Not applicable,Not applicable,Not applicable,Score,Not Applicable,Not Applicable,Not Applicable,Number (real number),Press Freedom Index,CCYY,Units,Normal value,Public,30.0,,,10.0,,,,,,,67.03,68.81,67.91,67.42,68.99,69.74,69.2,69.16,69.1,59.62,57.57,53.23,51.055
datastructure,WB.DATA360:DS_DATA360(1.2),I,A,TZA,RWB_PFI_SCORE,_Z,_Z,_Z,SCORE,_Z,_Z,_Z,NUMBER,RWB_PFI,602,0,RWB_PFI,PU,A,Annual,Tanzania,Press Freedom Index Score,Not applicable,Not applicable,Not applicable,Score,Not Applicable,Not Applicable,Not Applicable,Number (real number),Press Freedom Index,CCYY,Units,Normal value,Public,21.25,16.5,14.5,17.5,19.82,18.0,15.0,15.5,13.0,6.0,72.66,72.7,71.91,71.35,69.35,69.35,63.72,59.75,59.31,48.28,44.02,54.8,53.68
datastructure,WB.DATA360:DS_DATA360(1.2),I,A,NER,RWB_PFI_SCORE,_Z,_Z,_Z,SCORE,_Z,_Z,_Z,NUMBER,RWB_PFI,602,0,RWB_PFI,PU,A,Annual,Niger,Press Freedom Index Score,Not applicable,Not applicable,Not applicable,Score,Not Applicable,Not Applicable,Not Applicable,Number (real number),Press Freedom Index,CCYY,Units,Normal value,Public,18.5,15.75,18.33,13.0,24.5,25.5,37.0,48.5,28.5,2.5,76.92,76.41,76.15,75.38,72.79,72.6,70.74,71.75,71.56,67.8,66.84,59.71,57.05
datastructure,WB.DATA360:DS_DATA360(1.2),I,A,KAZ,RWB_PFI_SCORE,_Z,_Z,_Z,SCORE,_Z,_Z,_Z,NUMBER,RWB_PFI,602,0,RWB_PFI,PU,A,Annual,Kazakhstan,Press Freedom Index Score,Not applicable,Not applicable,Not applicable,Score,Not Applicable,Not Applicable,Not Applicable,Number (real number),Press Freedom Index,CCYY,Units,Normal value,Public,42.0,42.5,44.17,36.17,41.0,41.63,35.33,49.66666667,68.5,77.5,44.92,45.06,46.54,45.45,45.99,45.59,47.18,45.89,49.72,48.28,45.87,41.11,39.34
datastructure,WB.DATA360:DS_DATA360(1.2),I,A,GAB,RWB_PFI_SCORE,_Z,_Z,_Z,SCORE,_Z,_Z,_Z,NUMBER,RWB_PFI,602,0,RWB_PFI,PU,A,Annual,Gabon,Press Freedom Index Score,Not applicable,Not applicable,Not applicable,Score,Not Applicable,Not Applicable,Not Applicable,Number (real number),Press Freedom Index,CCYY,Units,Normal value,Public,20.5,31.25,37.5,26.0,28.5,31.5,26.75,43.5,28.75,36.5,71.31,68.68,68.62,67.8,65.17,67.63,64.4,62.8,61.4,56.0,58.12,65.83,70.65
datastructure,WB.DATA360:DS_DATA360(1.2),I,A,KEN,RWB_PFI_SCORE,_Z,_Z,_Z,SCORE,_Z,_Z,_Z,NUMBER,RWB_PFI,602,0,RWB_PFI,PU,A,Annual,Kenya,Press Freedom Index Score,Not applicable,Not applicable,Not applicable,Score,Not Applicable,Not Applicable,Not Applicable,Number (real number),Press Freedom Index,CCYY,Units,Normal value,Public,24.75,18.5,22.25,30.0,30.25,23.75,21.25,25.0,19.0,29.5,72.2,69.3,67.93,68.84,68.8,69.18,67.56,66.28,66.35,64.59,51.15,53.22,49.41
datastructure,WB.DATA360:DS_DATA360(1.2),I,A,CZE,RWB_PFI_SCORE,_Z,_Z,_Z,SCORE,_Z,_Z,_Z,NUMBER,RWB_PFI,602,0,RWB_PFI,PU,A,Annual,Czechia,Press Freedom Index Score,Not applicable,Not applicable,Not applicable,Score,Not Applicable,Not Applicable,Not Applicable,Number (real number),Press Freedom Index,CCYY,Units,Normal value,Public,11.25,2.5,3.5,1.0,0.75,4.0,4.0,5.0,7.5,-5.0,89.83,89.93,88.38,83.34,83.09,78.11,75.11,76.43,76.62,80.54,83.58,80.14,83.96
datastructure,WB.DATA360:DS_DATA360(1.2),I,A,MWI,RWB_PFI_SCORE,_Z,_Z,_Z,SCORE,_Z,_Z,_Z,NUMBER,RWB_PFI,602,0,RWB_PFI,PU,A,Annual,Malawi,Press Freedom Index Score,Not applicable,Not applicable,Not applicable,Score,Not Applicable,Not Applicable,Not Applicable,Number (real number),Press Freedom Index,CCYY,Units,Normal value,Public,27.67,21.0,31.0,22.75,25.5,26.75,15.0,15.5,21.0,68.0,71.82,71.71,73.59,71.88,71.03,72.57,70.64,70.68,71.2,61.4,60.34,64.46,59.2
datastructure,WB.DATA360:DS_DATA360(1.2),I,A,HRV,RWB_PFI_SCORE,_Z,_Z,_Z,SCORE,_Z,_Z,_Z,NUMBER,RWB_PFI,602,0,RWB_PFI,PU,A,Annual,Croatia,Press Freedom Index Score,Not applicable,Not applicable,Not applicable,Score,Not Applicable,Not Applicable,Not Applicable,Number (real number),Press Freedom Index,CCYY,Units,Normal value,Public,8.75,16.5,11.83,12.83,13.0,12.5,8.5,17.16666667,17.5,23.33,73.39,73.18,73.88,72.09,70.41,71.06,70.97,71.49,72.05,70.42,71.95,68.79,64.2
datastructure,WB.DATA360:DS_DATA360(1.2),I,A,SCG,RWB_PFI_SCORE,_Z,_Z,_Z,SCORE,_Z,_Z,_Z,NUMBER,RWB_PFI,602,0,RWB_PFI,PU,A,Annual,Serbia and Montenegro,Press Freedom Index Score,Not applicable,Not applicable,Not applicable,Score,Not Applicable,Not Applicable,Not Applicable,Number (real number),Press Freedom Index,CCYY,Units,Normal value,Public,,21.33,20.13,14.83,11.5,,,,,,,,,,,,,,,,,,
datastructure,WB.DATA360:DS_DATA360(1.2),I,A,EST,RWB_PFI_SCORE,_Z,_Z,_Z,SCORE,_Z,_Z,_Z,NUMBER,RWB_PFI,602,0,RWB_PFI,PU,A,Annual,Estonia,Press Freedom Index Score,Not applicable,Not applicable,Not applicable,Score,Not Applicable,Not Applicable,Not Applicable,Number (real number),Press Freedom Index,CCYY,Units,Normal value,Public,,2.5,2.0,1.5,2.0,1.0,2.0,0.5,2.0,-9.0,90.74,90.37,88.81,85.69,86.45,85.92,87.73,87.39,84.75,88.83,85.31,86.44,89.46
datastructure,WB.DATA360:DS_DATA360(1.2),I,A,MNG,RWB_PFI_SCORE,_Z,_Z,_Z,SCORE,_Z,_Z,_Z,NUMBER,RWB_PFI,602,0,RWB_PFI,PU,A,Annual,Mongolia,Press Freedom Index Score,Not applicable,Not applicable,Not applicable,Score,Not Applicable,Not Applicable,Not Applicable,Number (real number),Press Freedom Index,CCYY,Units,Normal value,Public,24.5,18.25,19.0,12.5,19.25,23.4,20.83,23.33333333,19.42,35.75,70.07,69.7,74.75,72.39,71.05,70.95,70.49,70.39,71.03,59.17,59.33,51.34,52.57
datastructure,WB.DATA360:DS_DATA360(1.2),I,A,UKR,RWB_PFI_SCORE,_Z,_Z,_Z,SCORE,_Z,_Z,_Z,NUMBER,RWB_PFI,602,0,RWB_PFI,PU,A,Annual,Ukraine,Press Freedom Index Score,Not applicable,Not applicable,Not applicable,Score,Not Applicable,Not Applicable,Not Applicable,Number (real number),Press Freedom Index,CCYY,Units,Normal value,Public,40.0,40.0,51.0,32.5,26.5,26.75,19.25,22.0,46.83,54.0,63.21,63.07,60.9,67.07,66.81,68.84,67.54,67.48,67.04,55.76,61.19,65.0,63.93
datastructure,WB.DATA360:DS_DATA360(1.2),I,A,YUG,RWB_PFI_SCORE,_Z,_Z,_Z,SCORE,_Z,_Z,_Z,NUMBER,RWB_PFI,602,0,RWB_PFI,PU,A,Annual,Yugoslavia,Press Freedom Index Score,Not applicable,Not applicable,Not applicable,Score,Not Applicable,Not Applicable,Not Applicable,Number (real number),Press Freedom Index,CCYY,Units,Normal value,Public,20.75,,,,,,,,,,,,,,,,,,,,,,
datastructure,WB.DATA360:DS_DATA360(1.2),I,A,MDA,RWB_PFI_SCORE,_Z,_Z,_Z,SCORE,_Z,_Z,_Z,NUMBER,RWB_PFI,602,0,RWB_PFI,PU,A,Annual,Moldova,Press Freedom Index Score,Not applicable,Not applicable,Not applicable,Score,Not Applicable,Not Applicable,Not Applicable,Number (real number),Press Freedom Index,CCYY,Units,Normal value,Public,,27.0,20.5,17.5,19.17,24.75,21.38,33.75,19.13,16.0,73.99,74.65,72.15,71.17,69.59,69.99,68.79,68.84,68.39,73.47,77.62,74.86,73.36
datastructure,WB.DATA360:DS_DATA360(1.2),I,A,LIE,RWB_PFI_SCORE,_Z,_Z,_Z,SCORE,_Z,_Z,_Z,NUMBER,RWB_PFI,602,0,RWB_PFI,PU,A,Annual,Liechtenstein,Press Freedom Index Score,Not applicable,Not applicable,Not applicable,Score,Not Applicable,Not Applicable,Not Applicable,Number (real number),Press Freedom Index,CCYY,Units,Normal value,Public,,,,,,,,,,,92.65,92.98,82.33,81.64,79.69,79.51,79.51,80.48,80.51,84.03,84.47,81.52,83.42
datastructure,WB.DATA360:DS_DATA360(1.2),I,A,HTI,RWB_PFI_SCORE,_Z,_Z,_Z,SCORE,_Z,_Z,_Z,NUMBER,RWB_PFI,602,0,RWB_PFI,PU,A,Annual,Haiti,Press Freedom Index Score,Not applicable,Not applicable,Not applicable,Score,Not Applicable,Not Applicable,Not Applicable,Number (real number),Press Freedom Index,CCYY,Units,Normal value,Public,36.5,31.0,42.13,33.5,19.5,23.5,15.13,15.0,16.38,15.67,75.91,76.47,74.92,75.34,73.64,73.18,71.0,69.8,68.88,64.55,57.38,55.92,51.061
datastructure,WB.DATA360:DS_DATA360(1.2),I,A,GBR,RWB_PFI_SCORE,_Z,_Z,_Z,SCORE,_Z,_Z,_Z,NUMBER,RWB_PFI,602,0,RWB_PFI,PU,A,Annual,United Kingdom,Press Freedom Index Score,Not applicable,Not applicable,Not applicable,Score,Not Applicable,Not Applicable,Not Applicable,Number (real number),Press Freedom Index,CCYY,Units,Normal value,Public,6.0,4.25,6.0,5.17,6.5,8.25,5.5,4.0,6.0,2.0,83.11,80.07,80.0,78.3,77.74,76.75,77.77,77.07,78.41,78.71,78.51,77.51,78.89
datastructure,WB.DATA360:DS_DATA360(1.2),I,A,PHL,RWB_PFI_SCORE,_Z,_Z,_Z,SCORE,_Z,_Z,_Z,NUMBER,RWB_PFI,602,0,RWB_PFI,PU,A,Annual,Philippines,Press Freedom Index Score,Not applicable,Not applicable,Not applicable,Score,Not Applicable,Not Applicable,Not Applicable,Number (real number),Press Freedom Index,CCYY,Units,Normal value,Public,29.0,35.25,36.63,50.0,51.0,44.75,45.0,38.25,60.0,64.5,56.89,56.31,58.81,55.34,58.92,57.47,56.09,56.46,54.36,41.84,46.21,43.36,49.57
datastructure,WB.DATA360:DS_DATA360(1.2),I,A,ZAF,RWB_PFI_SCORE,_Z,_Z,_Z,SCORE,_Z,_Z,_Z,NUMBER,RWB_PFI,602,0,RWB_PFI,PU,A,Annual,South Africa,Press Freedom Index Score,Not applicable,Not applicable,Not applicable,Score,Not Applicable,Not Applicable,Not Applicable,Number (real number),Press Freedom Index,CCYY,Units,Normal value,Public,7.5,3.33,5.0,6.5,11.25,13.0,8.0,8.5,12.0,12.0,75.44,76.81,77.94,78.08,79.88,79.61,77.81,77.59,78.41,75.56,78.6,73.73,75.71
datastructure,WB.DATA360:DS_DATA360(1.2),I,A,IDN,RWB_PFI_SCORE,_Z,_Z,_Z,SCORE,_Z,_Z,_Z,NUMBER,RWB_PFI,602,0,RWB_PFI,PU,A,Annual,Indonesia,Press Freedom Index Score,Not applicable,Not applicable,Not applicable,Score,Not Applicable,Not Applicable,Not Applicable,Number (real number),Press Freedom Index,CCYY,Units,Normal value,Public,20.0,34.25,37.75,26.0,26.0,30.5,27.0,28.5,35.83,68.0,58.95,61.85,59.25,58.28,60.07,60.32,63.23,63.18,62.6,49.27,54.83,51.15,44.13
datastructure,WB.DATA360:DS_DATA360(1.2),I,A,LSO,RWB_PFI_SCORE,_Z,_Z,_Z,SCORE,_Z,_Z,_Z,NUMBER,RWB_PFI,602,0,RWB_PFI,PU,A,Annual,Lesotho,Press Freedom Index Score,Not applicable,Not applicable,Not applicable,Score,Not Applicable,Not Applicable,Not Applicable,Number (real number),Press Freedom Index,CCYY,Units,Normal value,Public,,17.75,29.5,19.5,16.0,29.5,29.5,27.5,24.0,21.0,71.64,71.64,71.64,71.22,71.22,71.22,70.26,69.55,68.39,59.39,64.29,48.92,52.07
datastructure,WB.DATA360:DS_DATA360(1.2),I,A,SWE,RWB_PFI_SCORE,_Z,_Z,_Z,SCORE,_Z,_Z,_Z,NUMBER,RWB_PFI,602,0,RWB_PFI,PU,A,Annual,Sweden,Press Freedom Index Score,Not applicable,Not applicable,Not applicable,Score,Not Applicable,Not Applicable,Not Applicable,Number (real number),Press Freedom Index,CCYY,Units,Normal value,Public,1.5,1.5,2.0,2.0,4.0,1.5,3.0,0.0,0.0,-5.5,90.77,91.02,90.53,87.67,91.73,91.69,91.69,90.75,92.76,88.84,88.15,88.32,88.13
datastructure,WB.DATA360:DS_DATA360(1.2),I,A,TTO,RWB_PFI_SCORE,_Z,_Z,_Z,SCORE,_Z,_Z,_Z,NUMBER,RWB_PFI,602,0,RWB_PFI,PU,A,Annual,Trinidad and Tobago,Press Freedom Index Score,Not applicable,Not applicable,Not applicable,Score,Not Applicable,Not Applicable,Not Applicable,Number (real number),Press Freedom Index,CCYY,Units,Normal value,Public,,1.0,2.0,2.0,5.0,5.0,6.13,7.0,8.5,15.0,76.88,76.72,77.61,76.71,79.38,77.21,75.26,76.78,78.45,78.68,76.54,76.69,79.71
datastructure,WB.DATA360:DS_DATA360(1.2),I,A,ETH,RWB_PFI_SCORE,_Z,_Z,_Z,SCORE,_Z,_Z,_Z,NUMBER,RWB_PFI,602,0,RWB_PFI,PU,A,Annual,Ethiopia,Press Freedom Index Score,Not applicable,Not applicable,Not applicable,Score,Not Applicable,Not Applicable,Not Applicable,Number (real number),Press Freedom Index,CCYY,Units,Normal value,Public,37.5,37.5,37.0,42.0,75.0,63.0,47.75,49.0,49.38,56.6,60.43,59.42,58.17,54.87,49.66,49.83,64.89,67.18,66.37,50.53,47.7,41.37,36.92
datastructure,WB.DATA360:DS_DATA360(1.2),I,A,GHA,RWB_PFI_SCORE,_Z,_Z,_Z,SCORE,_Z,_Z,_Z,NUMBER,RWB_PFI,602,0,RWB_PFI,PU,A,Annual,Ghana,Press Freedom Index Score,Not applicable,Not applicable,Not applicable,Score,Not Applicable,Not Applicable,Not Applicable,Number (real number),Press Freedom Index,CCYY,Units,Normal value,Public,23.0,8.75,13.5,15.0,8.5,9.0,7.5,6.0,8.0,11.0,82.73,83.71,84.5,82.05,82.05,81.59,79.19,77.74,78.67,67.43,65.93,67.71,67.13
datastructure,WB.DATA360:DS_DATA360(1.2),I,A,JOR,RWB_PFI_SCORE,_Z,_Z,_Z,SCORE,_Z,_Z,_Z,NUMBER,RWB_PFI,602,0,RWB_PFI,PU,A,Annual,Jordan,Press Freedom Index Score,Not applicable,Not applicable,Not applicable,Score,Not Applicable,Not Applicable,Not Applicable,Number (real number),Press Freedom Index,CCYY,Units,Normal value,Public,33.5,37.0,39.13,24.0,27.5,40.21,36.0,31.875,37.0,56.8,61.53,59.58,57.93,55.51,56.76,58.29,56.89,57.92,57.11,48.66,42.79,44.3,35.25
datastructure,WB.DATA360:DS_DATA360(1.2),I,A,BEN,RWB_PFI_SCORE,_Z,_Z,_Z,SCORE,_Z,_Z,_Z,NUMBER,RWB_PFI,602,0,RWB_PFI,PU,A,Annual,Benin,Press Freedom Index Score,Not applicable,Not applicable,Not applicable,Score,Not Applicable,Not Applicable,Not Applicable,Number (real number),Press Freedom Index,CCYY,Units,Normal value,Public,6.0,5.25,5.5,5.5,5.5,17.0,15.0,16.0,19.0,31.0,71.67,71.17,70.76,71.03,69.68,69.84,68.26,64.89,61.82,48.39,52.44,56.73,54.6
datastructure,WB.DATA360:DS_DATA360(1.2),I,A,KWT,RWB_PFI_SCORE,_Z,_Z,_Z,SCORE,_Z,_Z,_Z,NUMBER,RWB_PFI,602,0,RWB_PFI,PU,A,Annual,Kuwait,Press Freedom Index Score,Not applicable,Not applicable,Not applicable,Score,Not Applicable,Not Applicable,Not Applicable,Number (real number),Press Freedom Index,CCYY,Units,Normal value,Public,25.5,31.33,31.67,21.25,17.0,20.17,12.63,15.25,23.75,28.0,71.72,69.29,69.16,67.41,66.39,68.09,66.14,65.7,65.64,37.87,38.84,44.66,44.06
datastructure,WB.DATA360:DS_DATA360(1.2),I,A,VNM,RWB_PFI_SCORE,_Z,_Z,_Z,SCORE,_Z,_Z,_Z,NUMBER,RWB_PFI,602,0,RWB_PFI,PU,A,Annual,Viet Nam,Press Freedom Index Score,Not applicable,Not applicable,Not applicable,Score,Not Applicable,Not Applicable,Not Applicable,Number (real number),Press Freedom Index,CCYY,Units,Normal value,Public,81.25,89.17,86.88,73.25,67.25,79.25,86.17,81.66666667,75.75,114.0,28.22,27.64,27.37,25.73,26.04,24.95,25.07,25.29,21.54,26.11,24.58,22.31,19.74
datastructure,WB.DATA360:DS_DATA360(1.2),I,A,UGA,RWB_PFI_SCORE,_Z,_Z,_Z,SCORE,_Z,_Z,_Z,NUMBER,RWB_PFI,602,0,RWB_PFI,PU,A,Annual,Uganda,Press Freedom Index Score,Not applicable,Not applicable,Not applicable,Score,Not Applicable,Not Applicable,Not Applicable,Number (real number),Press Freedom Index,CCYY,Units,Normal value,Public,17.0,25.75,24.0,19.25,29.83,28.0,26.0,21.5,25.5,64.0,68.31,66.71,68.35,67.42,64.06,63.23,60.58,59.05,58.81,46.35,46.08,46.0,37.61
datastructure,WB.DATA360:DS_DATA360(1.2),I,A,BLZ,RWB_PFI_SCORE,_Z,_Z,_Z,SCORE,_Z,_Z,_Z,NUMBER,RWB_PFI,602,0,RWB_PFI,PU,A,Annual,Belize,Press Freedom Index Score,Not applicable,Not applicable,Not applicable,Score,Not Applicable,Not Applicable,Not Applicable,Number (real number),Press Freedom Index,CCYY,Units,Normal value,Public,,,,,,,,,,,,82.95,81.46,79.39,76.57,75.45,72.5,72.5,72.39,70.67,70.49,66.85,68.32
datastructure,WB.DATA360:DS_DATA360(1.2),I,A,ARG,RWB_PFI_SCORE,_Z,_Z,_Z,SCORE,_Z,_Z,_Z,NUMBER,RWB_PFI,602,0,RWB_PFI,PU,A,Annual,Argentina,Press Freedom Index Score,Not applicable,Not applicable,Not applicable,Score,Not Applicable,Not Applicable,Not Applicable,Number (real number),Press Freedom Index,CCYY,Units,Normal value,Public,12.0,15.17,21.33,13.67,17.3,24.83,14.08,11.33333333,16.35,14.0,74.33,74.73,73.89,74.91,74.93,73.95,71.7,71.22,71.01,77.28,73.36,63.13,56.14
datastructure,WB.DATA360:DS_DATA360(1.2),I,A,MMR,RWB_PFI_SCORE,_Z,_Z,_Z,SCORE,_Z,_Z,_Z,NUMBER,RWB_PFI,602,0,RWB_PFI,PU,A,Annual,Myanmar,Press Freedom Index Score,Not applicable,Not applicable,Not applicable,Score,Not Applicable,Not Applicable,Not Applicable,Number (real number),Press Freedom Index,CCYY,Units,Normal value,Public,96.83,95.5,103.63,88.83,94.75,93.75,94.38,102.6666667,94.5,100.0,55.29,58.57,57.92,54.52,58.18,56.85,55.08,55.23,53.86,25.03,28.26,24.41,25.32
datastructure,WB.DATA360:DS_DATA360(1.2),I,A,CHL,RWB_PFI_SCORE,_Z,_Z,_Z,SCORE,_Z,_Z,_Z,NUMBER,RWB_PFI,602,0,RWB_PFI,PU,A,Annual,Chile,Press Freedom Index Score,Not applicable,Not applicable,Not applicable,Score,Not Applicable,Not Applicable,Not Applicable,Number (real number),Press Freedom Index,CCYY,Units,Normal value,Public,6.5,6.83,10.0,11.75,11.63,12.13,11.5,10.5,10.5,29.0,73.76,74.2,77.0,80.77,79.47,77.31,74.35,72.69,72.11,60.61,60.09,67.32,62.25
datastructure,WB.DATA360:DS_DATA360(1.2),I,A,LBR,RWB_PFI_SCORE,_Z,_Z,_Z,SCORE,_Z,_Z,_Z,NUMBER,RWB_PFI,602,0,RWB_PFI,PU,A,Annual,Liberia,Press Freedom Index Score,Not applicable,Not applicable,Not applicable,Score,Not Applicable,Not Applicable,Not Applicable,Number (real number),Press Freedom Index,CCYY,Units,Normal value,Public,37.75,40.0,40.0,20.5,19.0,25.33,9.75,15.5,22.5,40.5,70.11,69.35,69.22,69.29,68.88,69.67,68.51,67.75,66.64,62.77,64.34,65.13,66.61
datastructure,WB.DATA360:DS_DATA360(1.2),I,A,SOM,RWB_PFI_SCORE,_Z,_Z,_Z,SCORE,_Z,_Z,_Z,NUMBER,RWB_PFI,602,0,RWB_PFI,PU,A,Annual,Somalia,Press Freedom Index Score,Not applicable,Not applicable,Not applicable,Score,Not Applicable,Not Applicable,Not Applicable,Number (real number),Press Freedom Index,CCYY,Units,Normal value,Public,,45.0,43.5,59.0,51.25,71.5,58.0,77.5,66.0,88.33,26.41,26.81,27.69,34.65,34.05,36.96,42.76,44.55,44.53,44.01,44.24,39.4,40.49
datastructure,WB.DATA360:DS_DATA360(1.2),I,A,MLT,RWB_PFI_SCORE,_Z,_Z,_Z,SCORE,_Z,_Z,_Z,NUMBER,RWB_PFI,602,0,RWB_PFI,PU,A,Annual,Malta,Press Freedom Index Score,Not applicable,Not applicable,Not applicable,Score,Not Applicable,Not Applicable,Not Applicable,Number (real number),Press Freedom Index,CCYY,Units,Normal value,Public,,,,,,,,2.5,4.0,19.5,76.7,76.16,75.84,76.16,75.24,72.56,70.26,69.84,69.54,61.55,59.76,60.96,62.96
datastructure,WB.DATA360:DS_DATA360(1.2),I,A,FIN,RWB_PFI_SCORE,_Z,_Z,_Z,SCORE,_Z,_Z,_Z,NUMBER,RWB_PFI,602,0,RWB_PFI,PU,A,Annual,Finland,Press Freedom Index Score,Not applicable,Not applicable,Not applicable,Score,Not Applicable,Not Applicable,Not Applicable,Number (real number),Press Freedom Index,CCYY,Units,Normal value,Public,0.5,0.5,0.5,0.5,0.5,1.5,2.0,0.0,0.0,-10.0,93.62,93.6,92.48,91.41,91.08,89.74,92.1,92.07,93.01,88.42,87.94,86.55,87.18
datastructure,WB.DATA360:DS_DATA360(1.2),I,A,BGD,RWB_PFI_SCORE,_Z,_Z,_Z,SCORE,_Z,_Z,_Z,NUMBER,RWB_PFI,602,0,RWB_PFI,PU,A,Annual,Bangladesh,Press Freedom Index Score,Not applicable,Not applicable,Not applicable,Score,Not Applicable,Not Applicable,Not Applicable,Number (real number),Press Freedom Index,CCYY,Units,Normal value,Public,43.75,46.5,62.5,61.25,48.0,53.17,42.7,37.33333333,42.5,57.0,57.99,57.42,57.05,54.06,51.64,51.38,49.26,50.63,50.29,36.63,35.31,27.64,33.71
datastructure,WB.DATA360:DS_DATA360(1.2),I,A,KOR,RWB_PFI_SCORE,_Z,_Z,_Z,SCORE,_Z,_Z,_Z,NUMBER,RWB_PFI,602,0,RWB_PFI,PU,A,Annual,"Korea, Rep.",Press Freedom Index Score,Not applicable,Not applicable,Not applicable,Score,Not Applicable,Not Applicable,Not Applicable,Number (real number),Press Freedom Index,CCYY,Units,Normal value,Public,10.5,9.17,11.13,7.5,7.75,12.13,9.0,15.66666667,13.33,12.67,75.52,74.34,73.45,71.42,72.39,76.49,75.06,76.3,76.57,72.11,70.83,64.87,64.06
datastructure,WB.DATA360:DS_DATA360(1.2),I,A,ARM,RWB_PFI_SCORE,_Z,_Z,_Z,SCORE,_Z,_Z,_Z,NUMBER,RWB_PFI,602,0,RWB_PFI,PU,A,Annual,Armenia,Press Freedom Index Score,Not applicable,Not applicable,Not applicable,Score,Not Applicable,Not Applicable,Not Applicable,Number (real number),Press Freedom Index,CCYY,Units,Normal value,Public,,25.17,23.5,26.0,25.5,23.63,22.75,31.125,27.5,27.0,71.96,70.93,71.57,71.21,69.62,70.01,71.02,71.4,71.17,68.97,70.61,71.6,73.96
datastructure,WB.DATA360:DS_DATA360(1.2),I,A,DNK,RWB_PFI_SCORE,_Z,_Z,_Z,SCORE,_Z,_Z,_Z,NUMBER,RWB_PFI,602,0,RWB_PFI,PU,A,Annual,Denmark,Press Freedom Index Score,Not applicable,Not applicable,Not applicable,Score,Not Applicable,Not Applicable,Not Applicable,Number (real number),Press Freedom Index,CCYY,Units,Normal value,Public,3.0,1.0,0.5,0.5,5.0,2.0,3.5,0.0,2.5,-5.67,92.92,92.57,91.76,91.11,89.64,86.01,90.13,91.87,91.43,90.27,89.48,89.6,86.93
datastructure,WB.DATA360:DS_DATA360(1.2),I,A,MEX,RWB_PFI_SCORE,_Z,_Z,_Z,SCORE,_Z,_Z,_Z,NUMBER,RWB_PFI,602,0,RWB_PFI,PU,A,Annual,Mexico,Press Freedom Index Score,Not applicable,Not applicable,Not applicable,Score,Not Applicable,Not Applicable,Not Applicable,Number (real number),Press Freedom Index,CCYY,Units,Normal value,Public,24.75,17.67,27.83,45.5,45.83,53.63,46.13,48.25,47.5,72.67,54.7,54.96,56.31,50.67,51.03,51.09,53.22,54.55,53.29,47.57,47.98,49.01,45.55
datastructure,WB.DATA360:DS_DATA360(1.2),I,A,BWA,RWB_PFI_SCORE,_Z,_Z,_Z,SCORE,_Z,_Z,_Z,NUMBER,RWB_PFI,602,0,RWB_PFI,PU,A,Annual,Botswana,Press Freedom Index Score,Not applicable,Not applicable,Not applicable,Score,Not Applicable,Not Applicable,Not Applicable,Number (real number),Press Freedom Index,CCYY,Units,Normal value,Public,,13.0,11.5,14.0,13.0,23.5,14.0,15.5,17.5,12.0,77.09,77.09,77.09,77.09,75.07,74.71,74.91,76.44,76.75,58.49,64.61,59.78,57.64
datastructure,WB.DATA360:DS_DATA360(1.2),I,A,BLR,RWB_PFI_SCORE,_Z,_Z,_Z,SCORE,_Z,_Z,_Z,NUMBER,RWB_PFI,602,0,RWB_PFI,PU,A,Annual,Belarus,Press Freedom Index Score,Not applicable,Not applicable,Not applicable,Score,Not Applicable,Not Applicable,Not Applicable,Number (real number),Press Freedom Index,CCYY,Units,Normal value,Public,52.17,52.0,54.1,61.33,57.0,63.63,58.33,59.5,57.0,99.0,51.65,52.18,52.02,45.68,47.57,47.41,48.34,50.25,49.18,39.62,37.17,26.8,25.73
datastructure,WB.DATA360:DS_DATA360(1.2),I,A,YEM,RWB_PFI_SCORE,_Z,_Z,_Z,SCORE,_Z,_Z,_Z,NUMBER,RWB_PFI,602,0,RWB_PFI,PU,A,Annual,"Yemen, Rep.",Press Freedom Index Score,Not applicable,Not applicable,Not applicable,Score,Not Applicable,Not Applicable,Not Applicable,Number (real number),Press Freedom Index,CCYY,Units,Normal value,Public,34.75,41.83,48.0,46.25,54.0,56.67,59.0,83.375,82.13,101.0,30.78,32.74,33.64,32.93,34.2,37.77,38.34,41.75,37.65,29.14,32.78,33.67,31.45
datastructure,WB.DATA360:DS_DATA360(1.2),I,A,DJI,RWB_PFI_SCORE,_Z,_Z,_Z,SCORE,_Z,_Z,_Z,NUMBER,RWB_PFI,602,0,RWB_PFI,PU,A,Annual,Djibouti,Press Freedom Index Score,Not applicable,Not applicable,Not applicable,Score,Not Applicable,Not Applicable,Not Applicable,Number (real number),Press Freedom Index,CCYY,Units,Normal value,Public,31.25,35.5,55.0,37.0,33.0,50.25,41.5,31.0,30.5,83.5,32.6,29.66,28.96,29.1,29.46,29.23,28.64,23.27,21.38,35.75,35.87,30.14,25.36
datastructure,WB.DATA360:DS_DATA360(1.2),I,A,PRT,RWB_PFI_SCORE,_Z,_Z,_Z,SCORE,_Z,_Z,_Z,NUMBER,RWB_PFI,602,0,RWB_PFI,PU,A,Annual,Portugal,Press Freedom Index Score,Not applicable,Not applicable,Not applicable,Score,Not Applicable,Not Applicable,Not Applicable,Number (real number),Press Freedom Index,CCYY,Units,Normal value,Public,1.5,5.17,4.5,4.83,3.0,2.0,4.0,8.0,12.36,5.33,83.25,82.27,82.89,82.73,84.23,85.83,87.37,88.17,89.89,87.07,84.6,85.9,84.26
datastructure,WB.DATA360:DS_DATA360(1.2),I,A,COM,RWB_PFI_SCORE,_Z,_Z,_Z,SCORE,_Z,_Z,_Z,NUMBER,RWB_PFI,602,0,RWB_PFI,PU,A,Annual,Comoros,Press Freedom Index Score,Not applicable,Not applicable,Not applicable,Score,Not Applicable,Not Applicable,Not Applicable,Number (real number),Press Freedom Index,CCYY,Units,Normal value,Public,20.5,18.5,26.5,22.0,22.5,28.0,20.0,19.0,19.0,13.0,75.48,75.48,75.48,75.67,75.67,74.7,72.09,70.23,69.35,60.16,62.25,61.47,59.27
datastructure,WB.DATA360:DS_DATA360(1.2),I,A,DEU,RWB_PFI_SCORE,_Z,_Z,_Z,SCORE,_Z,_Z,_Z,NUMBER,RWB_PFI,602,0,RWB_PFI,PU,A,Annual,Germany,Press Freedom Index Score,Not applicable,Not applicable,Not applicable,Score,Not Applicable,Not Applicable,Not Applicable,Number (real number),Press Freedom Index,CCYY,Units,Normal value,Public,1.5,1.33,2.0,4.0,5.5,5.75,4.5,3.5,4.25,-3.0,89.76,89.77,88.53,85.2,85.03,85.61,85.4,87.84,84.76,82.04,81.91,83.84,83.85
datastructure,WB.DATA360:DS_DATA360(1.2),I,A,TWN,RWB_PFI_SCORE,_Z,_Z,_Z,SCORE,_Z,_Z,_Z,NUMBER,RWB_PFI,602,0,RWB_PFI,PU,A,Annual,"Taiwan, China",Press Freedom Index Score,Not applicable,Not applicable,Not applicable,Score,Not Applicable,Not Applicable,Not Applicable,Number (real number),Press Freedom Index,CCYY,Units,Normal value,Public,9.0,12.0,14.25,12.25,10.5,10.0,8.0,15.08333333,14.5,13.0,76.18,76.18,75.17,75.63,75.63,76.64,75.02,76.24,76.14,74.08,75.54,76.13,77.04
datastructure,WB.DATA360:DS_DATA360(1.2),I,A,MAR,RWB_PFI_SCORE,_Z,_Z,_Z,SCORE,_Z,_Z,_Z,NUMBER,RWB_PFI,602,0,RWB_PFI,PU,A,Annual,Morocco,Press Freedom Index Score,Not applicable,Not applicable,Not applicable,Score,Not Applicable,Not Applicable,Not Applicable,Number (real number),Press Freedom Index,CCYY,Units,Normal value,Public,29.0,39.67,43.0,36.17,24.83,33.25,32.25,41.0,47.4,63.29,60.96,60.28,60.81,57.36,57.58,56.87,56.02,57.12,56.06,45.42,43.69,45.97,48.04
datastructure,WB.DATA360:DS_DATA360(1.2),I,A,CHN,RWB_PFI_SCORE,_Z,_Z,_Z,SCORE,_Z,_Z,_Z,NUMBER,RWB_PFI,602,0,RWB_PFI,PU,A,Annual,China,Press Freedom Index Score,Not applicable,Not applicable,Not applicable,Score,Not Applicable,Not Applicable,Not Applicable,Number (real number),Press Freedom Index,CCYY,Units,Normal value,Public,97.0,91.25,92.33,83.0,94.0,89.0,85.5,84.5,84.67,136.0,26.93,27.09,26.45,19.04,22.34,21.71,21.08,21.52,21.28,25.17,22.97,23.36,14.8
datastructure,WB.DATA360:DS_DATA360(1.2),I,A,CMR,RWB_PFI_SCORE,_Z,_Z,_Z,SCORE,_Z,_Z,_Z,NUMBER,RWB_PFI,602,0,RWB_PFI,PU,A,Annual,Cameroon,Press Freedom Index Score,Not applicable,Not applicable,Not applicable,Score,Not Applicable,Not Applicable,Not Applicable,Number (real number),Press Freedom Index,CCYY,Units,Normal value,Public,28.83,30.5,27.0,20.5,28.25,36.0,36.9,30.5,44.3,35.0,65.22,61.87,60.37,59.47,58.41,59.08,56.68,56.72,56.22,49.1,45.58,44.95,42.75
datastructure,WB.DATA360:DS_DATA360(1.2),I,A,SYR,RWB_PFI_SCORE,_Z,_Z,_Z,SCORE,_Z,_Z,_Z,NUMBER,RWB_PFI,602,0,RWB_PFI,PU,A,Annual,Syrian Arab Republic,Press Freedom Index Score,Not applicable,Not applicable,Not applicable,Score,Not Applicable,Not Applicable,Not Applicable,Number (real number),Press Freedom Index,CCYY,Units,Normal value,Public,62.83,67.5,67.5,55.0,63.0,66.0,59.63,78.0,91.5,138.0,21.47,22.96,22.71,18.65,18.51,20.78,28.22,27.43,29.37,28.94,27.22,17.41,15.82
datastructure,WB.DATA360:DS_DATA360(1.2),I,A,ARE,RWB_PFI_SCORE,_Z,_Z,_Z,SCORE,_Z,_Z,_Z,NUMBER,RWB_PFI,602,0,RWB_PFI,PU,A,Annual,United Arab Emirates,Press Freedom Index Score,Not applicable,Not applicable,Not applicable,Score,Not Applicable,Not Applicable,Not Applicable,Number (real number),Press Freedom Index,CCYY,Units,Normal value,Public,,37.0,50.25,25.75,17.5,20.25,14.5,21.5,23.75,45.0,66.51,63.97,63.27,63.27,60.61,59.14,56.37,57.31,56.87,44.46,42.99,30.62,26.91
datastructure,WB.DATA360:DS_DATA360(1.2),I,A,MLI,RWB_PFI_SCORE,_Z,_Z,_Z,SCORE,_Z,_Z,_Z,NUMBER,RWB_PFI,602,0,RWB_PFI,PU,A,Annual,Mali,Press Freedom Index Score,Not applicable,Not applicable,Not applicable,Score,Not Applicable,Not Applicable,Not Applicable,Number (real number),Press Freedom Index,CCYY,Units,Normal value,Public,12.5,11.0,12.83,8.0,9.0,16.5,7.5,8.0,8.0,0.0,69.97,63.71,63.67,60.17,61.73,63.85,64.77,65.88,66.5,54.48,52.29,50.56,48.23
datastructure,WB.DATA360:DS_DATA360(1.2),I,A,ZMB,RWB_PFI_SCORE,_Z,_Z,_Z,SCORE,_Z,_Z,_Z,NUMBER,RWB_PFI,602,0,RWB_PFI,PU,A,Annual,Zambia,Press Freedom Index Score,Not applicable,Not applicable,Not applicable,Score,Not Applicable,Not Applicable,Not Applicable,Number (real number),Press Freedom Index,CCYY,Units,Normal value,Public,26.75,23.25,29.75,23.0,22.5,21.5,15.5,26.75,22.0,30.0,72.07,69.11,65.65,64.92,63.52,64.64,63.62,63.0,61.79,55.4,59.41,55.38,57.33
datastructure,WB.DATA360:DS_DATA360(1.2),I,A,PAK,RWB_PFI_SCORE,_Z,_Z,_Z,SCORE,_Z,_Z,_Z,NUMBER,RWB_PFI,602,0,RWB_PFI,PU,A,Annual,Pakistan,Press Freedom Index Score,Not applicable,Not applicable,Not applicable,Score,Not Applicable,Not Applicable,Not Applicable,Number (real number),Press Freedom Index,CCYY,Units,Normal value,Public,44.67,39.0,61.75,60.75,70.33,64.83,54.88,65.66666667,56.17,75.0,48.69,48.54,49.54,51.48,56.45,56.76,54.17,54.48,53.14,37.99,39.95,33.9,29.62
datastructure,WB.DATA360:DS_DATA360(1.2),I,A,MYS,RWB_PFI_SCORE,_Z,_Z,_Z,SCORE,_Z,_Z,_Z,NUMBER,RWB_PFI,602,0,RWB_PFI,PU,A,Annual,Malaysia,Press Freedom Index Score,Not applicable,Not applicable,Not applicable,Score,Not Applicable,Not Applicable,Not Applicable,Number (real number),Press Freedom Index,CCYY,Units,Normal value,Public,37.83,32.0,39.83,33.0,22.25,41.0,39.5,44.25,50.75,56.0,57.27,57.27,56.71,53.43,53.11,52.59,63.26,66.88,60.53,51.55,62.83,52.07,56.09
datastructure,WB.DATA360:DS_DATA360(1.2),I,A,CAF,RWB_PFI_SCORE,_Z,_Z,_Z,SCORE,_Z,_Z,_Z,NUMBER,RWB_PFI,602,0,RWB_PFI,PU,A,Annual,Central African Republic,Press Freedom Index Score,Not applicable,Not applicable,Not applicable,Score,Not Applicable,Not Applicable,Not Applicable,Number (real number),Press Freedom Index,CCYY,Units,Normal value,Public,21.5,32.75,32.5,19.75,14.5,22.5,18.5,17.75,18.5,20.0,73.39,66.87,66.16,66.4,63.88,64.75,52.73,57.13,58.08,56.96,57.56,60.12,60.15
datastructure,WB.DATA360:DS_DATA360(1.2),I,A,HKG,RWB_PFI_SCORE,_Z,_Z,_Z,SCORE,_Z,_Z,_Z,NUMBER,RWB_PFI,602,0,RWB_PFI,PU,A,Annual,"Hong Kong SAR, China",Press Freedom Index Score,Not applicable,Not applicable,Not applicable,Score,Not Applicable,Not Applicable,Not Applicable,Number (real number),Press Freedom Index,CCYY,Units,Normal value,Public,4.83,11.0,7.5,8.25,14.0,20.0,9.75,11.75,10.75,17.0,73.84,73.45,72.24,71.5,70.54,70.96,70.35,69.99,69.56,41.64,44.86,43.06,39.86
datastructure,WB.DATA360:DS_DATA360(1.2),I,A,TGO,RWB_PFI_SCORE,_Z,_Z,_Z,SCORE,_Z,_Z,_Z,NUMBER,RWB_PFI,602,0,RWB_PFI,PU,A,Annual,Togo,Press Freedom Index Score,Not applicable,Not applicable,Not applicable,Score,Not Applicable,Not Applicable,Not Applicable,Number (real number),Press Freedom Index,CCYY,Units,Normal value,Public,31.5,27.5,19.5,23.75,15.0,15.17,10.0,15.5,17.0,28.5,71.55,71.0,71.5,69.69,69.25,69.77,70.31,70.67,70.41,57.17,63.06,50.89,48.03
datastructure,WB.DATA360:DS_DATA360(1.2),I,A,ERI,RWB_PFI_SCORE,_Z,_Z,_Z,SCORE,_Z,_Z,_Z,NUMBER,RWB_PFI,602,0,RWB_PFI,PU,A,Annual,Eritrea,Press Freedom Index Score,Not applicable,Not applicable,Not applicable,Score,Not Applicable,Not Applicable,Not Applicable,Number (real number),Press Freedom Index,CCYY,Units,Normal value,Public,83.67,91.5,93.25,99.75,97.5,114.75,97.5,115.5,105.0,142.0,15.17,15.17,15.14,16.08,15.76,15.76,19.74,16.5,18.55,19.62,27.86,16.64,11.32
datastructure,WB.DATA360:DS_DATA360(1.2),I,A,MDG,RWB_PFI_SCORE,_Z,_Z,_Z,SCORE,_Z,_Z,_Z,NUMBER,RWB_PFI,602,0,RWB_PFI,PU,A,Annual,Madagascar,Press Freedom Index Score,Not applicable,Not applicable,Not applicable,Score,Not Applicable,Not Applicable,Not Applicable,Number (real number),Press Freedom Index,CCYY,Units,Normal value,Public,22.75,8.17,18.5,24.5,15.0,20.0,21.0,45.83333333,34.88,29.5,71.38,70.62,72.57,72.96,73.29,73.8,72.24,72.32,71.76,58.02,56.66,54.07,50.8
datastructure,WB.DATA360:DS_DATA360(1.2),I,A,SVK,RWB_PFI_SCORE,_Z,_Z,_Z,SCORE,_Z,_Z,_Z,NUMBER,RWB_PFI,602,0,RWB_PFI,PU,A,Annual,Slovak Republic,Press Freedom Index Score,Not applicable,Not applicable,Not applicable,Score,Not Applicable,Not Applicable,Not Applicable,Number (real number),Press Freedom Index,CCYY,Units,Normal value,Public,,2.5,0.5,0.75,2.5,1.0,3.0,11.0,11.5,0.0,86.75,88.61,88.34,86.74,84.49,79.74,76.42,77.33,76.98,78.37,83.22,76.03,71.93
datastructure,WB.DATA360:DS_DATA360(1.2),I,A,HUN,RWB_PFI_SCORE,_Z,_Z,_Z,SCORE,_Z,_Z,_Z,NUMBER,RWB_PFI,602,0,RWB_PFI,PU,A,Annual,Hungary,Press Freedom Index Score,Not applicable,Not applicable,Not applicable,Score,Not Applicable,Not Applicable,Not Applicable,Number (real number),Press Freedom Index,CCYY,Units,Normal value,Public,6.5,3.33,6.0,2.0,3.0,4.5,5.5,5.5,7.5,10.0,73.91,73.27,72.56,71.83,70.99,70.89,69.56,69.16,68.24,59.8,62.96,62.98,62.82
datastructure,WB.DATA360:DS_DATA360(1.2),I,A,SRB,RWB_PFI_SCORE,_Z,_Z,_Z,SCORE,_Z,_Z,_Z,NUMBER,RWB_PFI,602,0,RWB_PFI,PU,A,Annual,Serbia,Press Freedom Index Score,Not applicable,Not applicable,Not applicable,Score,Not Applicable,Not Applicable,Not Applicable,Number (real number),Press Freedom Index,CCYY,Units,Normal value,Public,,,,,,21.0,13.5,15.5,23.0,29.0,73.41,74.95,72.34,72.4,71.95,70.42,68.82,68.38,67.97,61.51,59.16,54.48,53.55
datastructure,WB.DATA360:DS_DATA360(1.2),I,A,WSM,RWB_PFI_SCORE,_Z,_Z,_Z,SCORE,_Z,_Z,_Z,NUMBER,RWB_PFI,602,0,RWB_PFI,PU,A,Annual,Samoa,Press Freedom Index Score,Not applicable,Not applicable,Not applicable,Score,Not Applicable,Not Applicable,Not Applicable,Number (real number),Press Freedom Index,CCYY,Units,Normal value,Public,,,,,,,,,33.0,17.0,76.16,77.98,77.68,81.2,83.59,83.31,81.75,81.75,80.76,71.39,82.15,78.41,69.28
datastructure,WB.DATA360:DS_DATA360(1.2),I,A,HND,RWB_PFI_SCORE,_Z,_Z,_Z,SCORE,_Z,_Z,_Z,NUMBER,RWB_PFI,602,0,RWB_PFI,PU,A,Annual,Honduras,Press Freedom Index Score,Not applicable,Not applicable,Not applicable,Score,Not Applicable,Not Applicable,Not Applicable,Number (real number),Press Freedom Index,CCYY,Units,Normal value,Public,,14.17,11.75,18.0,14.5,25.5,21.5,42.0,51.13,61.0,63.08,62.86,60.73,55.38,56.25,54.77,51.47,51.8,50.65,34.61,32.65,38.18,38.51
datastructure,WB.DATA360:DS_DATA360(1.2),I,A,UZB,RWB_PFI_SCORE,_Z,_Z,_Z,SCORE,_Z,_Z,_Z,NUMBER,RWB_PFI,602,0,RWB_PFI,PU,A,Annual,Uzbekistan,Press Freedom Index Score,Not applicable,Not applicable,Not applicable,Score,Not Applicable,Not Applicable,Not Applicable,Number (real number),Press Freedom Index,CCYY,Units,Normal value,Public,45.0,61.5,52.13,66.5,71.0,74.88,62.7,67.66666667,71.5,83.0,39.61,38.99,38.86,38.85,33.89,39.16,46.48,46.93,49.26,45.74,45.73,37.27,35.24
datastructure,WB.DATA360:DS_DATA360(1.2),I,A,FRA,RWB_PFI_SCORE,_Z,_Z,_Z,SCORE,_Z,_Z,_Z,NUMBER,RWB_PFI,602,0,RWB_PFI,PU,A,Annual,France,Press Freedom Index Score,Not applicable,Not applicable,Not applicable,Score,Not Applicable,Not Applicable,Not Applicable,Number (real number),Press Freedom Index,CCYY,Units,Normal value,Public,3.25,4.17,3.5,6.25,9.0,9.75,7.67,10.66666667,13.38,9.5,78.4,78.11,78.85,76.17,77.76,78.13,77.79,77.08,77.4,78.53,78.72,78.65,76.62
datastructure,WB.DATA360:DS_DATA360(1.2),I,A,PER,RWB_PFI_SCORE,_Z,_Z,_Z,SCORE,_Z,_Z,_Z,NUMBER,RWB_PFI,602,0,RWB_PFI,PU,A,Annual,Peru,Press Freedom Index Score,Not applicable,Not applicable,Not applicable,Score,Not Applicable,Not Applicable,Not Applicable,Number (real number),Press Freedom Index,CCYY,Units,Normal value,Public,9.5,10.25,40.0,33.33,28.25,37.38,26.25,20.875,30.0,51.25,68.13,68.3,68.79,70.01,69.02,69.73,69.78,69.06,68.29,61.75,52.74,47.76,42.88
datastructure,WB.DATA360:DS_DATA360(1.2),I,A,SWZ,RWB_PFI_SCORE,_Z,_Z,_Z,SCORE,_Z,_Z,_Z,NUMBER,RWB_PFI,602,0,RWB_PFI,PU,A,Annual,Eswatini,Press Freedom Index Score,Not applicable,Not applicable,Not applicable,Score,Not Applicable,Not Applicable,Not Applicable,Number (real number),Press Freedom Index,CCYY,Units,Normal value,Public,29.0,37.5,31.0,35.0,40.5,54.5,50.5,52.5,57.5,67.0,53.24,53.24,52.72,47.63,48.73,48.54,50.91,54.85,53.66,46.42,52.66,58.31,52.86
datastructure,WB.DATA360:DS_DATA360(1.2),I,A,MNE,RWB_PFI_SCORE,_Z,_Z,_Z,SCORE,_Z,_Z,_Z,NUMBER,RWB_PFI,602,0,RWB_PFI,PU,A,Annual,Montenegro,Press Freedom Index Score,Not applicable,Not applicable,Not applicable,Score,Not Applicable,Not Applicable,Not Applicable,Number (real number),Press Freedom Index,CCYY,Units,Normal value,Public,,,,,,19.0,10.0,17.0,28.5,39.0,67.03,65.22,65.37,67.21,66.35,68.79,67.26,66.17,65.67,66.54,74.28,73.21,72.83
datastructure,WB.DATA360:DS_DATA360(1.2),I,A,COG,RWB_PFI_SCORE,_Z,_Z,_Z,SCORE,_Z,_Z,_Z,NUMBER,RWB_PFI,602,0,RWB_PFI,PU,A,Annual,"Congo, Rep.",Press Freedom Index Score,Not applicable,Not applicable,Not applicable,Score,Not Applicable,Not Applicable,Not Applicable,Number (real number),Press Freedom Index,CCYY,Units,Normal value,Public,23.17,14.0,17.5,17.0,17.0,24.5,20.75,34.25,33.6,30.38,71.8,70.56,67.0,64.16,63.27,64.58,63.96,63.44,61.17,58.64,60.42,62.57,60.58
datastructure,WB.DATA360:DS_DATA360(1.2),I,A,POL,RWB_PFI_SCORE,_Z,_Z,_Z,SCORE,_Z,_Z,_Z,NUMBER,RWB_PFI,602,0,RWB_PFI,PU,A,Annual,Poland,Press Freedom Index Score,Not applicable,Not applicable,Not applicable,Score,Not Applicable,Not Applicable,Not Applicable,Number (real number),Press Freedom Index,CCYY,Units,Normal value,Public,7.75,6.17,6.83,12.5,14.0,18.5,9.0,9.5,8.88,-0.67,86.89,88.97,87.29,76.11,73.53,73.41,71.11,71.35,71.16,65.64,67.66,69.17,74.79
datastructure,WB.DATA360:DS_DATA360(1.2),I,A,ROU,RWB_PFI_SCORE,_Z,_Z,_Z,SCORE,_Z,_Z,_Z,NUMBER,RWB_PFI,602,0,RWB_PFI,PU,A,Annual,Romania,Press Freedom Index Score,Not applicable,Not applicable,Not applicable,Score,Not Applicable,Not Applicable,Not Applicable,Number (real number),Press Freedom Index,CCYY,Units,Normal value,Public,13.25,11.5,17.83,16.17,14.0,12.75,9.0,12.5,16.0,14.0,76.95,76.52,75.1,75.71,75.54,76.35,74.33,74.09,75.09,68.46,69.04,68.45,66.42
datastructure,WB.DATA360:DS_DATA360(1.2),I,A,CAN,RWB_PFI_SCORE,_Z,_Z,_Z,SCORE,_Z,_Z,_Z,NUMBER,RWB_PFI,602,0,RWB_PFI,PU,A,Annual,Canada,Press Freedom Index Score,Not applicable,Not applicable,Not applicable,Score,Not Applicable,Not Applicable,Not Applicable,Number (real number),Press Freedom Index,CCYY,Units,Normal value,Public,0.75,1.83,3.33,4.5,4.5,4.88,3.33,3.7,7.0,-5.67,87.31,89.01,89.01,84.74,83.47,84.72,84.31,84.71,84.75,81.74,83.53,81.7,78.75
datastructure,WB.DATA360:DS_DATA360(1.2),I,A,BRN,RWB_PFI_SCORE,_Z,_Z,_Z,SCORE,_Z,_Z,_Z,NUMBER,RWB_PFI,602,0,RWB_PFI,PU,A,Annual,Brunei Darussalam,Press Freedom Index Score,Not applicable,Not applicable,Not applicable,Score,Not Applicable,Not Applicable,Not Applicable,Number (real number),Press Freedom Index,CCYY,Units,Normal value,Public,38.0,,,,,,,63.5,51.0,56.2,64.55,64.55,63.24,46.15,46.28,48.52,48.52,50.35,50.09,42.53,44.2,50.09,53.47
datastructure,WB.DATA360:DS_DATA360(1.2),I,A,MRT,RWB_PFI_SCORE,_Z,_Z,_Z,SCORE,_Z,_Z,_Z,NUMBER,RWB_PFI,602,0,RWB_PFI,PU,A,Annual,Mauritania,Press Freedom Index Score,Not applicable,Not applicable,Not applicable,Score,Not Applicable,Not Applicable,Not Applicable,Number (real number),Press Freedom Index,CCYY,Units,Normal value,Public,41.33,36.67,51.0,40.0,17.5,15.5,23.88,28.5,25.38,22.2,73.24,73.47,74.73,75.97,73.51,70.91,68.35,67.46,67.75,58.1,59.45,74.2,67.52
datastructure,WB.DATA360:DS_DATA360(1.2),I,A,JAM,RWB_PFI_SCORE,_Z,_Z,_Z,SCORE,_Z,_Z,_Z,NUMBER,RWB_PFI,602,0,RWB_PFI,PU,A,Annual,Jamaica,Press Freedom Index Score,Not applicable,Not applicable,Not applicable,Score,Not Applicable,Not Applicable,Not Applicable,Number (real number),Press Freedom Index,CCYY,Units,Normal value,Public,,3.33,4.17,7.5,5.5,8.63,4.88,4.75,7.67,-3.0,90.12,89.1,88.82,87.55,87.27,88.67,88.87,89.49,90.04,83.35,75.89,77.3,75.83
datastructure,WB.DATA360:DS_DATA360(1.2),I,A,SLE,RWB_PFI_SCORE,_Z,_Z,_Z,SCORE,_Z,_Z,_Z,NUMBER,RWB_PFI,602,0,RWB_PFI,PU,A,Annual,Sierra Leone,Press Freedom Index Score,Not applicable,Not applicable,Not applicable,Score,Not Applicable,Not Applicable,Not Applicable,Number (real number),Press Freedom Index,CCYY,Units,Normal value,Public,24.5,23.5,24.5,39.5,26.0,39.5,27.75,34.0,24.25,21.0,73.65,71.77,71.53,70.06,69.27,70.02,69.64,69.72,70.39,71.03,62.55,64.27,66.36
datastructure,WB.DATA360:DS_DATA360(1.2),I,A,GRD,RWB_PFI_SCORE,_Z,_Z,_Z,SCORE,_Z,_Z,_Z,NUMBER,RWB_PFI,602,0,RWB_PFI,PU,A,Annual,Grenada,Press Freedom Index Score,Not applicable,Not applicable,Not applicable,Score,Not Applicable,Not Applicable,Not Applicable,Number (real number),Press Freedom Index,CCYY,Units,Normal value,Public,,,12.0,,,,,,,,,,,,,,,,,,,,
datastructure,WB.DATA360:DS_DATA360(1.2),I,A,COL,RWB_PFI_SCORE,_Z,_Z,_Z,SCORE,_Z,_Z,_Z,NUMBER,RWB_PFI,602,0,RWB_PFI,PU,A,Annual,Colombia,Press Freedom Index Score,Not applicable,Not applicable,Not applicable,Score,Not Applicable,Not Applicable,Not Applicable,Number (real number),Press Freedom Index,CCYY,Units,Normal value,Public,40.83,49.17,47.38,40.17,44.75,42.33,35.5,40.125,51.5,66.5,62.52,63.32,60.92,55.89,58.53,58.97,57.18,57.34,56.26,42.43,45.23,49.63,49.8
datastructure,WB.DATA360:DS_DATA360(1.2),I,A,GIN,RWB_PFI_SCORE,_Z,_Z,_Z,SCORE,_Z,_Z,_Z,NUMBER,RWB_PFI,602,0,RWB_PFI,PU,A,Annual,Guinea,Press Freedom Index Score,Not applicable,Not applicable,Not applicable,Score,Not Applicable,Not Applicable,Not Applicable,Number (real number),Press Freedom Index,CCYY,Units,Normal value,Public,26.0,33.17,24.5,26.0,27.5,33.5,21.5,28.5,33.5,30.0,71.51,68.33,67.44,66.92,66.85,68.1,66.51,65.66,64.58,59.82,59.51,59.97,52.53
datastructure,WB.DATA360:DS_DATA360(1.2),I,A,MOZ,RWB_PFI_SCORE,_Z,_Z,_Z,SCORE,_Z,_Z,_Z,NUMBER,RWB_PFI,602,0,RWB_PFI,PU,A,Annual,Mozambique,Press Freedom Index Score,Not applicable,Not applicable,Not applicable,Score,Not Applicable,Not Applicable,Not Applicable,Number (real number),Press Freedom Index,CCYY,Units,Normal value,Public,23.5,14.0,16.25,10.5,11.5,23.0,20.5,19.0,26.5,21.5,71.99,70.74,70.02,69.75,68.95,68.88,67.34,66.21,64.61,49.89,56.13,52.42,52.63
datastructure,WB.DATA360:DS_DATA360(1.2),I,A,CRI,RWB_PFI_SCORE,_Z,_Z,_Z,SCORE,_Z,_Z,_Z,NUMBER,RWB_PFI,602,0,RWB_PFI,PU,A,Annual,Costa Rica,Press Freedom Index Score,Not applicable,Not applicable,Not applicable,Score,Not Applicable,Not Applicable,Not Applicable,Number (real number),Press Freedom Index,CCYY,Units,Normal value,Public,4.25,3.83,7.63,8.5,6.67,6.5,5.1,8.0,8.08,-2.25,87.92,87.77,87.74,88.9,88.07,85.99,87.76,89.47,91.24,85.92,80.2,76.13,73.09
datastructure,WB.DATA360:DS_DATA360(1.2),I,A,BFA,RWB_PFI_SCORE,_Z,_Z,_Z,SCORE,_Z,_Z,_Z,NUMBER,RWB_PFI,602,0,RWB_PFI,PU,A,Annual,Burkina Faso,Press Freedom Index Score,Not applicable,Not applicable,Not applicable,Score,Not Applicable,Not Applicable,Not Applicable,Number (real number),Press Freedom Index,CCYY,Units,Normal value,Public,27.75,18.0,16.25,19.0,16.0,21.5,13.0,15.0,15.0,23.33,76.3,75.55,76.21,77.34,76.15,76.67,75.47,76.53,76.83,73.12,67.64,58.24,52.25
datastructure,WB.DATA360:DS_DATA360(1.2),I,A,AGO,RWB_PFI_SCORE,_Z,_Z,_Z,SCORE,_Z,_Z,_Z,NUMBER,RWB_PFI,602,0,RWB_PFI,PU,A,Annual,Angola,Press Freedom Index Score,Not applicable,Not applicable,Not applicable,Score,Not Applicable,Not Applicable,Not Applicable,Number (real number),Press Freedom Index,CCYY,Units,Normal value,Public,30.17,28.0,26.5,18.0,21.5,26.5,29.5,36.5,28.5,58.43,62.2,63.5,62.16,60.11,59.58,61.65,65.04,66.08,65.94,57.17,48.3,52.44,52.67
datastructure,WB.DATA360:DS_DATA360(1.2),I,A,GRC,RWB_PFI_SCORE,_Z,_Z,_Z,SCORE,_Z,_Z,_Z,NUMBER,RWB_PFI,602,0,RWB_PFI,PU,A,Annual,Greece,Press Freedom Index Score,Not applicable,Not applicable,Not applicable,Score,Not Applicable,Not Applicable,Not Applicable,Number (real number),Press Freedom Index,CCYY,Units,Normal value,Public,5.0,6.0,7.0,4.0,8.0,9.25,7.5,9.0,19.0,24.0,71.54,68.67,68.99,69.65,69.11,70.81,70.92,71.2,70.99,55.52,55.2,57.15,55.37
datastructure,WB.DATA360:DS_DATA360(1.2),I,A,NLD,RWB_PFI_SCORE,_Z,_Z,_Z,SCORE,_Z,_Z,_Z,NUMBER,RWB_PFI,602,0,RWB_PFI,PU,A,Annual,Netherlands,Press Freedom Index Score,Not applicable,Not applicable,Not applicable,Score,Not Applicable,Not Applicable,Not Applicable,Number (real number),Press Freedom Index,CCYY,Units,Normal value,Public,0.5,0.5,0.5,0.5,0.5,3.5,4.0,1.0,0.0,-9.0,93.52,93.54,90.78,91.24,88.72,89.99,91.37,90.04,90.33,77.93,87.0,87.73,88.64
datastructure,WB.DATA360:DS_DATA360(1.2),I,A,JPN,RWB_PFI_SCORE,_Z,_Z,_Z,SCORE,_Z,_Z,_Z,NUMBER,RWB_PFI,602,0,RWB_PFI,PU,A,Annual,Japan,Press Freedom Index Score,Not applicable,Not applicable,Not applicable,Score,Not Applicable,Not Applicable,Not Applicable,Number (real number),Press Freedom Index,CCYY,Units,Normal value,Public,7.5,8.0,10.0,8.0,12.5,11.75,6.5,3.25,2.5,-1.0,74.83,73.98,73.05,71.33,70.56,71.36,70.64,71.14,71.12,64.37,63.95,62.12,63.14
datastructure,WB.DATA360:DS_DATA360(1.2),I,A,SAU,RWB_PFI_SCORE,_Z,_Z,_Z,SCORE,_Z,_Z,_Z,NUMBER,RWB_PFI,602,0,RWB_PFI,PU,A,Annual,Saudi Arabia,Press Freedom Index Score,Not applicable,Not applicable,Not applicable,Score,Not Applicable,Not Applicable,Not Applicable,Number (real number),Press Freedom Index,CCYY,Units,Normal value,Public,62.5,71.5,79.17,66.0,76.0,59.75,61.75,76.5,61.5,83.25,43.12,41.7,40.59,40.28,33.98,36.87,34.12,37.86,37.27,33.71,32.43,27.14,27.94
datastructure,WB.DATA360:DS_DATA360(1.2),I,A,TON,RWB_PFI_SCORE,_Z,_Z,_Z,SCORE,_Z,_Z,_Z,NUMBER,RWB_PFI,602,0,RWB_PFI,PU,A,Annual,Tonga,Press Freedom Index Score,Not applicable,Not applicable,Not applicable,Score,Not Applicable,Not Applicable,Not Applicable,Number (real number),Press Freedom Index,CCYY,Units,Normal value,Public,,,38.17,14.5,13.0,38.25,18.0,,23.75,21.0,73.3,73.3,76.63,78.76,75.03,74.32,74.59,72.73,75.41,69.74,71.29,70.11,68.39
datastructure,WB.DATA360:DS_DATA360(1.2),I,A,BRA,RWB_PFI_SCORE,_Z,_Z,_Z,SCORE,_Z,_Z,_Z,NUMBER,RWB_PFI,602,0,RWB_PFI,PU,A,Annual,Brazil,Press Freedom Index Score,Not applicable,Not applicable,Not applicable,Score,Not Applicable,Not Applicable,Not Applicable,Number (real number),Press Freedom Index,CCYY,Units,Normal value,Public,18.75,16.75,16.5,14.5,17.17,25.25,18.0,15.875,16.6,35.33,67.25,65.97,68.07,67.38,66.42,68.8,67.21,65.95,63.75,55.36,58.67,58.59,63.8
datastructure,WB.DATA360:DS_DATA360(1.2),I,A,AUT,RWB_PFI_SCORE,_Z,_Z,_Z,SCORE,_Z,_Z,_Z,NUMBER,RWB_PFI,602,0,RWB_PFI,PU,A,Annual,Austria,Press Freedom Index Score,Not applicable,Not applicable,Not applicable,Score,Not Applicable,Not Applicable,Not Applicable,Number (real number),Press Freedom Index,CCYY,Units,Normal value,Public,7.5,2.75,3.25,2.5,4.5,4.25,3.5,3.0,0.5,-8.0,90.6,89.99,89.15,86.82,86.53,85.96,84.67,84.22,83.66,76.74,77.3,74.69,78.12
datastructure,WB.DATA360:DS_DATA360(1.2),I,A,BDI,RWB_PFI_SCORE,_Z,_Z,_Z,SCORE,_Z,_Z,_Z,NUMBER,RWB_PFI,602,0,RWB_PFI,PU,A,Annual,Burundi,Press Freedom Index Score,Not applicable,Not applicable,Not applicable,Score,Not Applicable,Not Applicable,Not Applicable,Number (real number),Press Freedom Index,CCYY,Units,Normal value,Public,24.5,26.25,19.0,23.0,39.83,43.4,21.0,29.0,28.88,57.75,61.98,59.5,57.07,45.9,44.22,44.74,47.11,44.67,52.43,55.74,52.14,51.78,45.44
datastructure,WB.DATA360:DS_DATA360(1.2),I,A,SSD,RWB_PFI_SCORE,_Z,_Z,_Z,SCORE,_Z,_Z,_Z,NUMBER,RWB_PFI,602,0,RWB_PFI,PU,A,Annual,South Sudan,Press Freedom Index Score,Not applicable,Not applicable,Not applicable,Score,Not Applicable,Not Applicable,Not Applicable,Number (real number),Press Freedom Index,CCYY,Units,Normal value,Public,,,,,,,,,,41.25,63.8,63.95,61.96,55.13,51.84,53.12,54.35,55.51,54.22,47.06,50.62,42.57,51.63
datastructure,WB.DATA360:DS_DATA360(1.2),I,A,VEN,RWB_PFI_SCORE,_Z,_Z,_Z,SCORE,_Z,_Z,_Z,NUMBER,RWB_PFI,602,0,RWB_PFI,PU,A,Annual,"Venezuela, RB",Press Freedom Index Score,Not applicable,Not applicable,Not applicable,Score,Not Applicable,Not Applicable,Not Applicable,Number (real number),Press Freedom Index,CCYY,Units,Normal value,Public,25.0,27.83,24.63,23.0,29.0,36.88,27.33,39.5,47.33,55.0,65.56,64.63,59.39,55.23,57.06,53.97,50.9,54.34,52.4,37.78,36.99,33.06,29.21
datastructure,WB.DATA360:DS_DATA360(1.2),I,A,CYP,RWB_PFI_SCORE,_Z,_Z,_Z,SCORE,_Z,_Z,_Z,NUMBER,RWB_PFI,602,0,RWB_PFI,PU,A,Annual,Cyprus,Press Freedom Index Score,Not applicable,Not applicable,Not applicable,Score,Not Applicable,Not Applicable,Not Applicable,Number (real number),Press Freedom Index,CCYY,Units,Normal value,Public,,20.83,,5.5,7.5,14.0,7.5,5.5,13.4,-3.0,86.17,85.55,83.48,81.74,80.21,80.15,78.26,79.55,80.15,65.97,68.62,63.14,59.04
datastructure,WB.DATA360:DS_DATA360(1.2),I,A,SVN,RWB_PFI_SCORE,_Z,_Z,_Z,SCORE,_Z,_Z,_Z,NUMBER,RWB_PFI,602,0,RWB_PFI,PU,A,Annual,Slovenia,Press Freedom Index Score,Not applicable,Not applicable,Not applicable,Score,Not Applicable,Not Applicable,Not Applicable,Number (real number),Press Freedom Index,CCYY,Units,Normal value,Public,4.0,3.0,2.25,1.0,3.0,6.5,7.33,9.5,13.44,9.14,79.51,79.62,79.45,77.74,78.3,78.31,77.69,77.36,76.9,68.54,70.59,72.6,74.06
datastructure,WB.DATA360:DS_DATA360(1.2),I,A,BOL,RWB_PFI_SCORE,_Z,_Z,_Z,SCORE,_Z,_Z,_Z,NUMBER,RWB_PFI,602,0,RWB_PFI,PU,A,Annual,Bolivia,Press Freedom Index Score,Not applicable,Not applicable,Not applicable,Score,Not Applicable,Not Applicable,Not Applicable,Number (real number),Press Freedom Index,CCYY,Units,Normal value,Public,14.5,9.67,20.0,9.67,4.5,21.5,28.2,24.16666667,28.13,40.0,67.2,68.96,68.71,68.22,66.12,67.55,64.62,64.63,64.53,47.58,51.09,48.88,54.09
datastructure,WB.DATA360:DS_DATA360(1.2),I,A,NAM,RWB_PFI_SCORE,_Z,_Z,_Z,SCORE,_Z,_Z,_Z,NUMBER,RWB_PFI,602,0,RWB_PFI,PU,A,Annual,Namibia,Press Freedom Index Score,Not applicable,Not applicable,Not applicable,Score,Not Applicable,Not Applicable,Not Applicable,Number (real number),Press Freedom Index,CCYY,Units,Normal value,Public,8.0,11.0,10.0,5.5,6.0,8.5,5.5,9.0,7.0,-2.0,87.5,87.5,87.5,84.85,82.92,79.76,81.05,80.75,80.28,81.84,80.91,74.16,75.35
datastructure,WB.DATA360:DS_DATA360(1.2),I,A,IRL,RWB_PFI_SCORE,_Z,_Z,_Z,SCORE,_Z,_Z,_Z,NUMBER,RWB_PFI,602,0,RWB_PFI,PU,A,Annual,Ireland,Press Freedom Index Score,Not applicable,Not applicable,Not applicable,Score,Not Applicable,Not Applicable,Not Applicable,Number (real number),Press Freedom Index,CCYY,Units,Normal value,Public,1.0,2.83,0.5,0.5,0.5,2.0,2.0,0.0,2.0,-4.0,89.94,89.13,88.8,87.6,85.92,85.41,85.0,87.4,88.09,88.3,89.91,85.59,86.92
datastructure,WB.DATA360:DS_DATA360(1.2),I,A,CHE,RWB_PFI_SCORE,_Z,_Z,_Z,SCORE,_Z,_Z,_Z,NUMBER,RWB_PFI,602,0,RWB_PFI,PU,A,Annual,Switzerland,Press Freedom Index Score,Not applicable,Not applicable,Not applicable,Score,Not Applicable,Not Applicable,Not Applicable,Number (real number),Press Freedom Index,CCYY,Units,Normal value,Public,4.25,2.5,0.5,0.5,2.5,3.0,3.0,1.0,0.0,-6.2,90.06,89.53,86.15,88.24,87.87,88.73,89.48,89.38,89.45,82.72,84.4,84.01,83.98
datastructure,WB.DATA360:DS_DATA360(1.2),I,A,CSS,RWB_PFI_SCORE,_Z,_Z,_Z,SCORE,_Z,_Z,_Z,NUMBER,RWB_PFI,602,0,RWB_PFI,PU,A,Annual,Caribbean small states,Press Freedom Index Score,Not applicable,Not applicable,Not applicable,Score,Not Applicable,Not Applicable,Not Applicable,Number (real number),Press Freedom Index,CCYY,Units,Normal value,Public,,,,,,,,,,,,,,,,,,,,,58.36,62.83,68.08
datastructure,WB.DATA360:DS_DATA360(1.2),I,A,NOR,RWB_PFI_SCORE,_Z,_Z,_Z,SCORE,_Z,_Z,_Z,NUMBER,RWB_PFI,602,0,RWB_PFI,PU,A,Annual,Norway,Press Freedom Index Score,Not applicable,Not applicable,Not applicable,Score,Not Applicable,Not Applicable,Not Applicable,Number (real number),Press Freedom Index,CCYY,Units,Normal value,Public,0.5,0.5,0.5,0.5,2.0,0.75,1.5,0.0,0.0,-10.0,93.48,93.48,92.25,91.21,92.4,92.37,92.18,92.16,93.28,92.65,95.18,91.89,92.31
datastructure,WB.DATA360:DS_DATA360(1.2),I,A,LBY,RWB_PFI_SCORE,_Z,_Z,_Z,SCORE,_Z,_Z,_Z,NUMBER,RWB_PFI,602,0,RWB_PFI,PU,A,Annual,Libya,Press Freedom Index Score,Not applicable,Not applicable,Not applicable,Score,Not Applicable,Not Applicable,Not Applicable,Number (real number),Press Freedom Index,CCYY,Units,Normal value,Public,72.5,60.0,65.0,88.75,62.5,66.5,61.5,64.5,63.5,77.5,62.14,60.16,54.01,42.11,43.19,43.21,44.23,44.23,44.27,43.16,40.22,40.59,40.42
datastructure,WB.DATA360:DS_DATA360(1.2),I,A,SUR,RWB_PFI_SCORE,_Z,_Z,_Z,SCORE,_Z,_Z,_Z,NUMBER,RWB_PFI,602,0,RWB_PFI,PU,A,Annual,Suriname,Press Freedom Index Score,Not applicable,Not applicable,Not applicable,Score,Not Applicable,Not Applicable,Not Applicable,Number (real number),Press Freedom Index,CCYY,Units,Normal value,Public,,,,,,,6.0,10.6,11.5,-1.0,81.81,81.8,81.8,83.3,83.93,83.56,83.62,82.5,83.05,68.95,70.62,76.11,74.49
datastructure,WB.DATA360:DS_DATA360(1.2),I,A,PNG,RWB_PFI_SCORE,_Z,_Z,_Z,SCORE,_Z,_Z,_Z,NUMBER,RWB_PFI,602,0,RWB_PFI,PU,A,Annual,Papua New Guinea,Press Freedom Index Score,Not applicable,Not applicable,Not applicable,Score,Not Applicable,Not Applicable,Not Applicable,Number (real number),Press Freedom Index,CCYY,Units,Normal value,Public,,,,,,,,14.7,13.33,9.0,77.03,76.54,74.13,74.19,74.93,73.81,75.3,76.07,75.12,66.66,67.62,56.02,58.35
datastructure,WB.DATA360:DS_DATA360(1.2),I,A,DOM,RWB_PFI_SCORE,_Z,_Z,_Z,SCORE,_Z,_Z,_Z,NUMBER,RWB_PFI,602,0,RWB_PFI,PU,A,Annual,Dominican Republic,Press Freedom Index Score,Not applicable,Not applicable,Not applicable,Score,Not Applicable,Not Applicable,Not Applicable,Number (real number),Press Freedom Index,CCYY,Units,Normal value,Public,,17.0,6.75,12.25,12.75,22.75,18.0,26.83333333,26.13,33.25,71.66,72.83,72.69,72.1,73.24,73.21,72.1,72.1,74.4,76.9,71.88,73.89,69.87
datastructure,WB.DATA360:DS_DATA360(1.2),I,A,NZL,RWB_PFI_SCORE,_Z,_Z,_Z,SCORE,_Z,_Z,_Z,NUMBER,RWB_PFI,602,0,RWB_PFI,PU,A,Annual,New Zealand,Press Freedom Index Score,Not applicable,Not applicable,Not applicable,Score,Not Applicable,Not Applicable,Not Applicable,Number (real number),Press Freedom Index,CCYY,Units,Normal value,Public,,2.83,0.67,2.0,5.0,4.17,3.0,3.0,1.5,-5.33,91.62,91.45,89.94,89.99,86.02,86.38,89.25,89.31,89.96,83.54,84.23,79.72,81.37
datastructure,WB.DATA360:DS_DATA360(1.2),I,A,GMB,RWB_PFI_SCORE,_Z,_Z,_Z,SCORE,_Z,_Z,_Z,NUMBER,RWB_PFI,602,0,RWB_PFI,PU,A,Annual,"Gambia, The",Press Freedom Index Score,Not applicable,Not applicable,Not applicable,Score,Not Applicable,Not Applicable,Not Applicable,Number (real number),Press Freedom Index,CCYY,Units,Normal value,Public,22.5,18.25,29.5,41.0,54.0,48.25,42.75,48.25,40.5,65.5,54.91,53.58,55.5,53.47,53.3,61.64,68.65,69.38,69.24,69.25,71.06,65.53,65.486
datastructure,WB.DATA360:DS_DATA360(1.2),I,A,GUY,RWB_PFI_SCORE,_Z,_Z,_Z,SCORE,_Z,_Z,_Z,NUMBER,RWB_PFI,602,0,RWB_PFI,PU,A,Annual,Guyana,Press Freedom Index Score,Not applicable,Not applicable,Not applicable,Score,Not Applicable,Not Applicable,Not Applicable,Number (real number),Press Freedom Index,CCYY,Units,Normal value,Public,,,,,,,19.75,10.5,16.63,19.5,72.92,72.92,72.79,72.93,73.2,73.75,73.37,73.37,74.39,76.41,67.5,60.1,60.12
datastructure,WB.DATA360:DS_DATA360(1.2),I,A,SDN,RWB_PFI_SCORE,_Z,_Z,_Z,SCORE,_Z,_Z,_Z,NUMBER,RWB_PFI,602,0,RWB_PFI,PU,A,Annual,Sudan,Press Freedom Index Score,Not applicable,Not applicable,Not applicable,Score,Not Applicable,Not Applicable,Not Applicable,Number (real number),Press Freedom Index,CCYY,Units,Normal value,Public,36.0,45.75,44.25,44.0,48.13,55.75,42.0,54.0,85.33,100.75,29.94,28.12,27.66,27.47,26.44,28.87,27.55,44.67,47.07,40.96,40.83,35.73,30.34
datastructure,WB.DATA360:DS_DATA360(1.2),I,A,ZWE,RWB_PFI_SCORE,_Z,_Z,_Z,SCORE,_Z,_Z,_Z,NUMBER,RWB_PFI,602,0,RWB_PFI,PU,A,Annual,Zimbabwe,Press Freedom Index Score,Not applicable,Not applicable,Not applicable,Score,Not Applicable,Not Applicable,Not Applicable,Number (real number),Press Freedom Index,CCYY,Units,Normal value,Public,48.25,45.5,67.5,64.25,50.0,62.0,54.0,46.5,39.5,55.0,61.88,60.81,60.81,59.59,58.56,59.47,57.77,59.05,56.88,44.94,48.17,50.31,52.1
datastructure,WB.DATA360:DS_DATA360(1.2),I,A,RWA,RWB_PFI_SCORE,_Z,_Z,_Z,SCORE,_Z,_Z,_Z,NUMBER,RWB_PFI,602,0,RWB_PFI,PU,A,Annual,Rwanda,Press Freedom Index Score,Not applicable,Not applicable,Not applicable,Score,Not Applicable,Not Applicable,Not Applicable,Number (real number),Press Freedom Index,CCYY,Units,Normal value,Public,37.5,34.25,37.25,38.0,41.0,58.88,50.0,64.66666667,81.0,81.0,44.54,43.43,43.43,45.39,45.89,47.1,47.57,49.66,49.34,45.18,46.58,40.54,35.84
datastructure,WB.DATA360:DS_DATA360(1.2),I,A,ECU,RWB_PFI_SCORE,_Z,_Z,_Z,SCORE,_Z,_Z,_Z,NUMBER,RWB_PFI,602,0,RWB_PFI,PU,A,Annual,Ecuador,Press Freedom Index Score,Not applicable,Not applicable,Not applicable,Score,Not Applicable,Not Applicable,Not Applicable,Number (real number),Press Freedom Index,CCYY,Units,Normal value,Public,5.5,7.67,16.5,21.75,15.25,18.5,15.5,20.0,27.5,38.0,65.31,68.84,66.35,66.79,66.36,69.44,68.12,67.38,67.17,64.61,60.51,51.3,53.76
datastructure,WB.DATA360:DS_DATA360(1.2),I,A,DZA,RWB_PFI_SCORE,_Z,_Z,_Z,SCORE,_Z,_Z,_Z,NUMBER,RWB_PFI,602,0,RWB_PFI,PU,A,Annual,Algeria,Press Freedom Index Score,Not applicable,Not applicable,Not applicable,Score,Not Applicable,Not Applicable,Not Applicable,Number (real number),Press Freedom Index,CCYY,Units,Normal value,Public,31.0,33.0,43.5,40.33,40.0,40.5,31.33,49.5625,47.33,56.0,63.46,63.74,63.37,58.31,57.17,56.87,54.25,54.48,52.74,45.53,45.74,41.98,44.64
datastructure,WB.DATA360:DS_DATA360(1.2),I,A,ITA,RWB_PFI_SCORE,_Z,_Z,_Z,SCORE,_Z,_Z,_Z,NUMBER,RWB_PFI,602,0,RWB_PFI,PU,A,Annual,Italy,Press Freedom Index Score,Not applicable,Not applicable,Not applicable,Score,Not Applicable,Not Applicable,Not Applicable,Number (real number),Press Freedom Index,CCYY,Units,Normal value,Public,11.0,9.75,9.0,8.67,9.9,11.25,8.42,12.14285714,15.0,19.67,73.89,76.25,72.06,71.07,73.74,75.88,75.02,76.31,76.61,68.16,72.05,69.8,68.01
datastructure,WB.DATA360:DS_DATA360(1.2),I,A,ISL,RWB_PFI_SCORE,_Z,_Z,_Z,SCORE,_Z,_Z,_Z,NUMBER,RWB_PFI,602,0,RWB_PFI,PU,A,Annual,Iceland,Press Freedom Index Score,Not applicable,Not applicable,Not applicable,Score,Not Applicable,Not Applicable,Not Applicable,Number (real number),Press Freedom Index,CCYY,Units,Normal value,Public,0.5,0.5,0.5,0.5,0.5,0.75,1.5,2.0,0.0,-7.0,91.51,91.5,86.13,84.7,86.97,85.9,85.29,84.88,84.63,82.69,83.19,80.13,81.36
datastructure,WB.DATA360:DS_DATA360(1.2),I,A,NGA,RWB_PFI_SCORE,_Z,_Z,_Z,SCORE,_Z,_Z,_Z,NUMBER,RWB_PFI,602,0,RWB_PFI,PU,A,Annual,Nigeria,Press Freedom Index Score,Not applicable,Not applicable,Not applicable,Score,Not Applicable,Not Applicable,Not Applicable,Number (real number),Press Freedom Index,CCYY,Units,Normal value,Public,15.5,31.5,37.75,38.75,32.23,49.83,37.75,46.0,51.5,56.4,65.89,65.76,65.91,64.1,60.31,62.59,63.5,64.37,60.31,46.79,49.56,51.03,46.81
datastructure,WB.DATA360:DS_DATA360(1.2),I,A,TUN,RWB_PFI_SCORE,_Z,_Z,_Z,SCORE,_Z,_Z,_Z,NUMBER,RWB_PFI,602,0,RWB_PFI,PU,A,Annual,Tunisia,Press Freedom Index Score,Not applicable,Not applicable,Not applicable,Score,Not Applicable,Not Applicable,Not Applicable,Number (real number),Press Freedom Index,CCYY,Units,Normal value,Public,67.75,50.83,62.67,57.5,53.75,57.0,48.1,61.5,72.5,60.25,60.07,61.31,61.32,68.4,67.78,69.09,70.39,70.55,70.47,58.49,50.11,49.97,43.48
datastructure,WB.DATA360:DS_DATA360(1.2),I,A,MDV,RWB_PFI_SCORE,_Z,_Z,_Z,SCORE,_Z,_Z,_Z,NUMBER,RWB_PFI,602,0,RWB_PFI,PU,A,Annual,Maldives,Press Freedom Index Score,Not applicable,Not applicable,Not applicable,Score,Not Applicable,Not Applicable,Not Applicable,Number (real number),Press Freedom Index,CCYY,Units,Normal value,Public,,47.5,69.17,58.5,51.25,45.17,23.25,14.0,16.0,25.0,68.9,66.89,65.68,65.83,60.7,62.05,67.84,70.07,70.87,59.55,56.93,52.36,52.46
datastructure,WB.DATA360:DS_DATA360(1.2),I,A,AND,RWB_PFI_SCORE,_Z,_Z,_Z,SCORE,_Z,_Z,_Z,NUMBER,RWB_PFI,602,0,RWB_PFI,PU,A,Annual,Andorra,Press Freedom Index Score,Not applicable,Not applicable,Not applicable,Score,Not Applicable,Not Applicable,Not Applicable,Number (real number),Press Freedom Index,CCYY,Units,Normal value,Public,,,,,,,,,,,93.18,93.18,80.13,80.13,78.97,77.79,75.37,76.77,76.68,68.79,75.05,61.44,63.3
datastructure,WB.DATA360:DS_DATA360(1.2),I,A,TCD,RWB_PFI_SCORE,_Z,_Z,_Z,SCORE,_Z,_Z,_Z,NUMBER,RWB_PFI,602,0,RWB_PFI,PU,A,Annual,Chad,Press Freedom Index Score,Not applicable,Not applicable,Not applicable,Score,Not Applicable,Not Applicable,Not Applicable,Number (real number),Press Freedom Index,CCYY,Units,Normal value,Public,28.75,24.0,33.25,30.0,35.5,36.5,41.25,44.5,33.17,37.67,65.13,59.78,59.83,59.41,60.34,61.55,63.29,60.3,59.8,56.18,53.73,54.81,51.89
datastructure,WB.DATA360:DS_DATA360(1.2),I,A,FJI,RWB_PFI_SCORE,_Z,_Z,_Z,SCORE,_Z,_Z,_Z,NUMBER,RWB_PFI,602,0,RWB_PFI,PU,A,Annual,Fiji,Press Freedom Index Score,Not applicable,Not applicable,Not applicable,Score,Not Applicable,Not Applicable,Not Applicable,Number (real number),Press Freedom Index,CCYY,Units,Normal value,Public,,11.5,16.0,14.0,14.0,33.5,16.0,60.0,52.75,55.0,67.31,67.43,68.72,70.63,71.36,73.45,72.82,72.59,72.08,56.91,59.27,71.23,71.2
datastructure,WB.DATA360:DS_DATA360(1.2),I,A,CIV,RWB_PFI_SCORE,_Z,_Z,_Z,SCORE,_Z,_Z,_Z,NUMBER,RWB_PFI,602,0,RWB_PFI,PU,A,Annual,Cote d'Ivoire,Press Freedom Index Score,Not applicable,Not applicable,Not applicable,Score,Not Applicable,Not Applicable,Not Applicable,Number (real number),Press Freedom Index,CCYY,Units,Normal value,Public,19.0,42.17,60.38,52.25,25.0,27.0,26.5,29.0,36.0,83.5,70.23,68.37,69.55,69.83,69.58,69.92,70.48,71.06,71.13,74.46,68.83,66.89,63.69
datastructure,WB.DATA360:DS_DATA360(1.2),I,A,BTN,RWB_PFI_SCORE,_Z,_Z,_Z,SCORE,_Z,_Z,_Z,NUMBER,RWB_PFI,602,0,RWB_PFI,PU,A,Annual,Bhutan,Press Freedom Index Score,Not applicable,Not applicable,Not applicable,Score,Not Applicable,Not Applicable,Not Applicable,Number (real number),Press Freedom Index,CCYY,Units,Normal value,Public,90.75,77.33,55.83,51.5,25.0,37.17,15.5,15.75,17.75,24.0,71.58,69.27,67.35,69.27,69.27,69.27,70.19,71.1,71.14,76.46,59.25,37.29,32.62
datastructure,WB.DATA360:DS_DATA360(1.2),I,A,THA,RWB_PFI_SCORE,_Z,_Z,_Z,SCORE,_Z,_Z,_Z,NUMBER,RWB_PFI,602,0,RWB_PFI,PU,A,Annual,Thailand,Press Freedom Index Score,Not applicable,Not applicable,Not applicable,Score,Not Applicable,Not Applicable,Not Applicable,Number (real number),Press Freedom Index,CCYY,Units,Normal value,Public,22.75,19.67,14.0,28.0,33.5,53.5,34.5,44.0,56.83,61.5,61.4,62.06,59.93,55.47,55.31,55.69,55.9,55.06,54.78,50.15,55.24,58.12,56.72
datastructure,WB.DATA360:DS_DATA360(1.2),I,A,BGR,RWB_PFI_SCORE,_Z,_Z,_Z,SCORE,_Z,_Z,_Z,NUMBER,RWB_PFI,602,0,RWB_PFI,PU,A,Annual,Bulgaria,Press Freedom Index Score,Not applicable,Not applicable,Not applicable,Score,Not Applicable,Not Applicable,Not Applicable,Number (real number),Press Freedom Index,CCYY,Units,Normal value,Public,9.75,6.5,8.0,10.25,9.0,16.25,12.5,15.61111111,19.0,29.0,71.42,68.58,67.09,65.54,64.99,64.78,64.89,64.94,62.71,59.12,62.98,65.32,60.78
datastructure,WB.DATA360:DS_DATA360(1.2),I,A,LVA,RWB_PFI_SCORE,_Z,_Z,_Z,SCORE,_Z,_Z,_Z,NUMBER,RWB_PFI,602,0,RWB_PFI,PU,A,Annual,Latvia,Press Freedom Index Score,Not applicable,Not applicable,Not applicable,Score,Not Applicable,Not Applicable,Not Applicable,Number (real number),Press Freedom Index,CCYY,Units,Normal value,Public,,2.25,1.0,2.5,3.0,3.5,3.0,3.0,8.5,15.0,77.11,78.9,81.88,82.62,81.38,80.37,80.47,81.44,80.74,79.17,83.27,82.9,81.82
datastructure,WB.DATA360:DS_DATA360(1.2),I,A,BHR,RWB_PFI_SCORE,_Z,_Z,_Z,SCORE,_Z,_Z,_Z,NUMBER,RWB_PFI,602,0,RWB_PFI,PU,A,Annual,Bahrain,Press Freedom Index Score,Not applicable,Not applicable,Not applicable,Score,Not Applicable,Not Applicable,Not Applicable,Number (real number),Press Freedom Index,CCYY,Units,Normal value,Public,23.0,35.17,52.5,38.75,28.0,38.0,21.17,36.5,51.38,125.0,37.25,41.74,41.31,45.14,41.12,39.15,38.69,39.87,38.9,30.97,30.59,23.21,30.24
datastructure,WB.DATA360:DS_DATA360(1.2),I,A,SYC,RWB_PFI_SCORE,_Z,_Z,_Z,SCORE,_Z,_Z,_Z,NUMBER,RWB_PFI,602,0,RWB_PFI,PU,A,Annual,Seychelles,Press Freedom Index Score,Not applicable,Not applicable,Not applicable,Score,Not Applicable,Not Applicable,Not Applicable,Number (real number),Press Freedom Index,CCYY,Units,Normal value,Public,20.75,26.75,23.5,17.0,24.5,33.0,15.5,16.0,18.0,25.0,70.81,68.32,68.45,69.4,69.14,69.83,70.59,71.34,74.34,83.33,75.71,73.75,68.56
datastructure,WB.DATA360:DS_DATA360(1.2),I,A,KGZ,RWB_PFI_SCORE,_Z,_Z,_Z,SCORE,_Z,_Z,_Z,NUMBER,RWB_PFI,602,0,RWB_PFI,PU,A,Annual,Kyrgyz Republic,Press Freedom Index Score,Not applicable,Not applicable,Not applicable,Score,Not Applicable,Not Applicable,Not Applicable,Number (real number),Press Freedom Index,CCYY,Units,Normal value,Public,31.75,32.0,35.25,32.0,34.0,33.6,27.0,40.0,63.0,40.0,67.8,68.76,69.31,69.84,69.08,69.0,70.08,69.81,69.63,64.25,49.91,49.11,37.46
datastructure,WB.DATA360:DS_DATA360(1.2),I,A,PAN,RWB_PFI_SCORE,_Z,_Z,_Z,SCORE,_Z,_Z,_Z,NUMBER,RWB_PFI,602,0,RWB_PFI,PU,A,Annual,Panama,Press Freedom Index Score,Not applicable,Not applicable,Not applicable,Score,Not Applicable,Not Applicable,Not Applicable,Number (real number),Press Freedom Index,CCYY,Units,Normal value,Public,15.5,9.75,14.5,15.0,9.5,17.88,11.83,14.5,21.83,45.67,67.05,69.8,71.02,69.41,67.88,69.44,70.22,70.22,70.06,62.78,63.67,58.55,66.75
datastructure,WB.DATA360:DS_DATA360(1.2),I,A,GTM,RWB_PFI_SCORE,_Z,_Z,_Z,SCORE,_Z,_Z,_Z,NUMBER,RWB_PFI,602,0,RWB_PFI,PU,A,Annual,Guatemala,Press Freedom Index Score,Not applicable,Not applicable,Not applicable,Score,Not Applicable,Not Applicable,Not Applicable,Number (real number),Press Freedom Index,CCYY,Units,Normal value,Public,27.25,30.83,16.5,21.5,21.25,33.0,22.64,29.5,20.25,35.0,70.61,63.39,62.08,61.97,60.67,63.83,64.06,64.26,61.55,47.94,48.12,42.28,40.32
datastructure,WB.DATA360:DS_DATA360(1.2),I,A,QAT,RWB_PFI_SCORE,_Z,_Z,_Z,SCORE,_Z,_Z,_Z,NUMBER,RWB_PFI,602,0,RWB_PFI,PU,A,Annual,Qatar,Press Freedom Index Score,Not applicable,Not applicable,Not applicable,Score,Not Applicable,Not Applicable,Not Applicable,Number (real number),Press Freedom Index,CCYY,Units,Normal value,Public,,35.0,32.5,23.0,18.0,24.0,15.5,24.0,38.0,46.0,67.14,65.68,64.65,64.03,60.17,59.84,57.49,57.49,57.4,49.03,55.28,58.48,58.25
datastructure,WB.DATA360:DS_DATA360(1.2),I,A,TKM,RWB_PFI_SCORE,_Z,_Z,_Z,SCORE,_Z,_Z,_Z,NUMBER,RWB_PFI,602,0,RWB_PFI,PU,A,Annual,Turkmenistan,Press Freedom Index Score,Not applicable,Not applicable,Not applicable,Score,Not Applicable,Not Applicable,Not Applicable,Number (real number),Press Freedom Index,CCYY,Units,Normal value,Public,91.5,82.83,99.83,93.5,98.5,103.75,95.5,107.0,95.33,140.67,20.86,19.19,19.17,16.56,15.81,15.8,14.56,14.56,19.97,25.01,25.82,22.01,19.14
datastructure,WB.DATA360:DS_DATA360(1.2),I,A,CUB,RWB_PFI_SCORE,_Z,_Z,_Z,SCORE,_Z,_Z,_Z,NUMBER,RWB_PFI,602,0,RWB_PFI,PU,A,Annual,Cuba,Press Freedom Index Score,Not applicable,Not applicable,Not applicable,Score,Not Applicable,Not Applicable,Not Applicable,Number (real number),Press Freedom Index,CCYY,Units,Normal value,Public,90.25,97.83,106.83,87.0,95.0,96.17,88.33,94.0,78.0,98.83,28.36,29.08,29.79,29.77,28.25,31.1,36.19,36.19,36.06,27.32,29.0,25.63,26.03
datastructure,WB.DATA360:DS_DATA360(1.2),I,A,LBN,RWB_PFI_SCORE,_Z,_Z,_Z,SCORE,_Z,_Z,_Z,NUMBER,RWB_PFI,602,0,RWB_PFI,PU,A,Annual,Lebanon,Press Freedom Index Score,Not applicable,Not applicable,Not applicable,Score,Not Applicable,Not Applicable,Not Applicable,Number (real number),Press Freedom Index,CCYY,Units,Normal value,Public,19.67,32.5,24.38,28.25,27.0,28.75,14.0,15.41666667,20.5,31.5,69.85,68.11,68.19,68.05,66.99,68.85,67.56,66.81,65.07,46.58,50.46,41.91,42.62
datastructure,WB.DATA360:DS_DATA360(1.2),I,A,IRQ,RWB_PFI_SCORE,_Z,_Z,_Z,SCORE,_Z,_Z,_Z,NUMBER,RWB_PFI,602,0,RWB_PFI,PU,A,Annual,Iraq,Press Freedom Index Score,Not applicable,Not applicable,Not applicable,Score,Not Applicable,Not Applicable,Not Applicable,Number (real number),Press Freedom Index,CCYY,Units,Normal value,Public,79.0,37.5,58.5,67.0,66.83,67.83,59.38,53.3,45.58,75.36,55.33,54.56,52.24,45.65,45.97,43.44,47.4,44.63,44.43,28.59,32.94,25.48,30.69
datastructure,WB.DATA360:DS_DATA360(1.2),I,A,IND,RWB_PFI_SCORE,_Z,_Z,_Z,SCORE,_Z,_Z,_Z,NUMBER,RWB_PFI,602,0,RWB_PFI,PU,A,Annual,India,Press Freedom Index Score,Not applicable,Not applicable,Not applicable,Score,Not Applicable,Not Applicable,Not Applicable,Number (real number),Press Freedom Index,CCYY,Units,Normal value,Public,26.5,39.0,38.5,27.0,26.5,39.33,30.0,29.33333333,38.75,58.0,58.78,59.66,59.51,56.83,57.06,56.76,54.33,54.67,53.44,41.0,36.62,31.28,32.96
datastructure,WB.DATA360:DS_DATA360(1.2),I,A,SGP,RWB_PFI_SCORE,_Z,_Z,_Z,SCORE,_Z,_Z,_Z,NUMBER,RWB_PFI,602,0,RWB_PFI,PU,A,Annual,Singapore,Press Freedom Index Score,Not applicable,Not applicable,Not applicable,Score,Not Applicable,Not Applicable,Not Applicable,Number (real number),Press Freedom Index,CCYY,Units,Normal value,Public,,47.33,57.0,50.67,51.5,56.0,49.0,45.0,47.5,61.0,56.57,55.71,54.13,47.04,48.9,49.05,48.59,44.77,44.8,44.23,47.88,47.19,45.78
datastructure,WB.DATA360:DS_DATA360(1.2),I,A,IRN,RWB_PFI_SCORE,_Z,_Z,_Z,SCORE,_Z,_Z,_Z,NUMBER,RWB_PFI,602,0,RWB_PFI,PU,A,Annual,"Iran, Islamic Rep.",Press Freedom Index Score,Not applicable,Not applicable,Not applicable,Score,Not Applicable,Not Applicable,Not Applicable,Number (real number),Press Freedom Index,CCYY,Units,Normal value,Public,48.25,89.33,78.3,89.17,90.88,96.5,80.33,104.1428571,94.56,136.6,26.6,27.71,27.68,33.48,34.88,39.29,35.59,35.19,27.3,23.22,24.81,21.3,16.22
datastructure,WB.DATA360:DS_DATA360(1.2),I,A,GEO,RWB_PFI_SCORE,_Z,_Z,_Z,SCORE,_Z,_Z,_Z,NUMBER,RWB_PFI,602,0,RWB_PFI,PU,A,Annual,Georgia,Press Freedom Index Score,Not applicable,Not applicable,Not applicable,Score,Not Applicable,Not Applicable,Not Applicable,Number (real number),Press Freedom Index,CCYY,Units,Normal value,Public,,17.33,27.5,25.17,21.0,20.83,31.25,18.83333333,27.0,38.0,69.91,70.22,72.3,72.04,72.24,72.66,71.02,71.41,71.36,59.3,61.69,53.05,50.53
datastructure,WB.DATA360:DS_DATA360(1.2),I,A,KHM,RWB_PFI_SCORE,_Z,_Z,_Z,SCORE,_Z,_Z,_Z,NUMBER,RWB_PFI,602,0,RWB_PFI,PU,A,Annual,Cambodia,Press Freedom Index Score,Not applicable,Not applicable,Not applicable,Score,Not Applicable,Not Applicable,Not Applicable,Number (real number),Press Freedom Index,CCYY,Units,Normal value,Public,24.25,19.5,36.5,23.0,27.25,25.33,35.5,35.16666667,43.83,55.0,58.19,59.03,59.01,59.3,57.93,54.1,54.1,54.54,53.16,43.48,42.02,34.28,28.18
datastructure,WB.DATA360:DS_DATA360(1.2),I,A,EGY,RWB_PFI_SCORE,_Z,_Z,_Z,SCORE,_Z,_Z,_Z,NUMBER,RWB_PFI,602,0,RWB_PFI,PU,A,Annual,"Egypt, Arab Rep.",Press Freedom Index Score,Not applicable,Not applicable,Not applicable,Score,Not Applicable,Not Applicable,Not Applicable,Number (real number),Press Freedom Index,CCYY,Units,Normal value,Public,34.5,34.25,43.5,52.0,46.25,58.0,50.25,51.375,43.33,97.5,51.34,48.11,49.83,45.55,44.22,43.28,43.53,43.18,43.83,30.23,33.37,25.1,24.74
datastructure,WB.DATA360:DS_DATA360(1.2),I,A,TJK,RWB_PFI_SCORE,_Z,_Z,_Z,SCORE,_Z,_Z,_Z,NUMBER,RWB_PFI,602,0,RWB_PFI,PU,A,Annual,Tajikistan,Press Freedom Index Score,Not applicable,Not applicable,Not applicable,Score,Not Applicable,Not Applicable,Not Applicable,Number (real number),Press Freedom Index,CCYY,Units,Normal value,Public,28.25,34.5,27.75,33.0,30.0,37.0,25.5,32.0,34.5,56.0,64.29,65.14,63.81,49.66,49.73,49.94,45.98,44.66,44.48,40.26,39.06,33.31,32.21
datastructure,WB.DATA360:DS_DATA360(1.2),I,A,LAO,RWB_PFI_SCORE,_Z,_Z,_Z,SCORE,_Z,_Z,_Z,NUMBER,RWB_PFI,602,0,RWB_PFI,PU,A,Annual,Lao PDR,Press Freedom Index Score,Not applicable,Not applicable,Not applicable,Score,Not Applicable,Not Applicable,Not Applicable,Number (real number),Press Freedom Index,CCYY,Units,Normal value,Public,89.0,94.83,64.33,66.5,67.5,75.0,70.0,92.0,80.5,89.0,32.01,28.78,28.75,28.42,33.59,33.59,35.51,35.72,29.44,36.64,36.66,33.76,33.22
datastructure,WB.DATA360:DS_DATA360(1.2),I,A,MUS,RWB_PFI_SCORE,_Z,_Z,_Z,SCORE,_Z,_Z,_Z,NUMBER,RWB_PFI,602,0,RWB_PFI,PU,A,Annual,Mauritius,Press Freedom Index Score,Not applicable,Not applicable,Not applicable,Score,Not Applicable,Not Applicable,Not Applicable,Number (real number),Press Freedom Index,CCYY,Units,Normal value,Public,9.5,7.25,10.5,7.5,8.0,8.5,9.0,14.0,18.0,17.0,73.53,72.31,72.31,72.31,73.33,73.55,71.54,72.0,71.26,66.07,65.56,65.55,67.31
datastructure,WB.DATA360:DS_DATA360(1.2),I,A,TLS,RWB_PFI_SCORE,_Z,_Z,_Z,SCORE,_Z,_Z,_Z,NUMBER,RWB_PFI,602,0,RWB_PFI,PU,A,Annual,Timor-Leste,Press Freedom Index Score,Not applicable,Not applicable,Not applicable,Score,Not Applicable,Not Applicable,Not Applicable,Number (real number),Press Freedom Index,CCYY,Units,Normal value,Public,,5.5,13.5,13.5,18.5,27.0,13.75,16.0,25.0,30.0,71.28,70.96,67.37,67.98,67.18,69.19,70.07,70.1,70.89,81.89,84.49,78.92,71.79
datastructure,WB.DATA360:DS_DATA360(1.2),I,A,LKA,RWB_PFI_SCORE,_Z,_Z,_Z,SCORE,_Z,_Z,_Z,NUMBER,RWB_PFI,602,0,RWB_PFI,PU,A,Annual,Sri Lanka,Press Freedom Index Score,Not applicable,Not applicable,Not applicable,Score,Not Applicable,Not Applicable,Not Applicable,Number (real number),Press Freedom Index,CCYY,Units,Normal value,Public,15.75,24.83,36.5,33.25,50.75,67.5,78.0,75.0,62.5,87.5,43.41,40.87,39.72,55.04,55.66,58.63,60.39,58.06,57.8,42.13,45.85,35.21,39.93
datastructure,WB.DATA360:DS_DATA360(1.2),I,A,PSE,RWB_PFI_SCORE,_Z,_Z,_Z,SCORE,_Z,_Z,_Z,NUMBER,RWB_PFI,602,0,RWB_PFI,PU,A,Annual,West Bank and Gaza,Press Freedom Index Score,Not applicable,Not applicable,Not applicable,Score,Not Applicable,Not Applicable,Not Applicable,Number (real number),Press Freedom Index,CCYY,Units,Normal value,Public,27.0,39.25,43.17,42.5,46.75,69.83,66.88,69.83333333,56.13,76.0,56.91,59.89,58.99,57.07,57.1,57.04,55.32,55.91,56.82,28.98,37.86,31.92,27.41
datastructure,WB.DATA360:DS_DATA360(1.2),I,A,NIC,RWB_PFI_SCORE,_Z,_Z,_Z,SCORE,_Z,_Z,_Z,NUMBER,RWB_PFI,602,0,RWB_PFI,PU,A,Annual,Nicaragua,Press Freedom Index Score,Not applicable,Not applicable,Not applicable,Score,Not Applicable,Not Applicable,Not Applicable,Number (real number),Press Freedom Index,CCYY,Units,Normal value,Public,,6.5,11.67,15.25,15.5,14.25,12.5,16.75,22.33,24.33,71.69,72.3,72.06,71.18,68.99,69.59,64.47,64.19,60.02,37.09,37.09,29.2,22.83
datastructure,WB.DATA360:DS_DATA360(1.2),I,A,TUR,RWB_PFI_SCORE,_Z,_Z,_Z,SCORE,_Z,_Z,_Z,NUMBER,RWB_PFI,602,0,RWB_PFI,PU,A,Annual,Turkiye,Press Freedom Index Score,Not applicable,Not applicable,Not applicable,Score,Not Applicable,Not Applicable,Not Applicable,Number (real number),Press Freedom Index,CCYY,Units,Normal value,Public,33.5,35.0,37.25,25.0,25.0,31.25,22.75,38.25,49.25,70.0,53.44,54.13,55.84,49.24,47.02,46.5,47.19,49.98,50.21,41.25,33.97,31.6,29.4
datastructure,WB.DATA360:DS_DATA360(1.2),I,A,ALB,RWB_PFI_SCORE,_Z,_Z,_Z,SCORE,_Z,_Z,_Z,NUMBER,RWB_PFI,602,0,RWB_PFI,PU,A,Annual,Albania,Press Freedom Index Score,Not applicable,Not applicable,Not applicable,Score,Not Applicable,Not Applicable,Not Applicable,Number (real number),Press Freedom Index,CCYY,Units,Normal value,Public,,6.5,11.5,14.17,18.0,25.5,16.0,21.75,21.5,34.44,69.12,70.08,71.23,70.08,70.08,70.51,70.16,69.75,69.41,56.41,57.86,54.1,58.18
datastructure,WB.DATA360:DS_DATA360(1.2),I,A,AZE,RWB_PFI_SCORE,_Z,_Z,_Z,SCORE,_Z,_Z,_Z,NUMBER,RWB_PFI,602,0,RWB_PFI,PU,A,Annual,Azerbaijan,Press Freedom Index Score,Not applicable,Not applicable,Not applicable,Score,Not Applicable,Not Applicable,Not Applicable,Number (real number),Press Freedom Index,CCYY,Units,Normal value,Public,34.5,34.5,49.67,51.0,47.0,55.4,53.63,53.5,56.38,87.25,52.27,47.13,41.59,42.11,43.6,40.27,40.87,41.52,41.23,39.4,39.93,27.99,25.47
datastructure,WB.DATA360:DS_DATA360(1.2),I,A,XKX,RWB_PFI_SCORE,_Z,_Z,_Z,SCORE,_Z,_Z,_Z,NUMBER,RWB_PFI,602,0,RWB_PFI,PU,A,Annual,Kosovo,Press Freedom Index Score,Not applicable,Not applicable,Not applicable,Score,Not Applicable,Not Applicable,Not Applicable,Number (real number),Press Freedom Index,CCYY,Units,Normal value,Public,,,,,,,,,,,,,,,,,,,,,68.38,60.19,52.73
datastructure,WB.DATA360:DS_DATA360(1.2),I,A,LTU,RWB_PFI_SCORE,_Z,_Z,_Z,SCORE,_Z,_Z,_Z,NUMBER,RWB_PFI,602,0,RWB_PFI,PU,A,Annual,Lithuania,Press Freedom Index Score,Not applicable,Not applicable,Not applicable,Score,Not Applicable,Not Applicable,Not Applicable,Number (real number),Press Freedom Index,CCYY,Units,Normal value,Public,,2.83,3.0,4.5,6.5,7.0,4.0,2.25,2.5,4.0,81.76,80.8,81.2,80.05,78.63,77.8,77.94,78.81,79.85,84.14,86.79,81.73,82.27
datastructure,WB.DATA360:DS_DATA360(1.2),I,A,GNB,RWB_PFI_SCORE,_Z,_Z,_Z,SCORE,_Z,_Z,_Z,NUMBER,RWB_PFI,602,0,RWB_PFI,PU,A,Annual,Guinea-Bissau,Press Freedom Index Score,Not applicable,Not applicable,Not applicable,Score,Not Applicable,Not Applicable,Not Applicable,Number (real number),Press Freedom Index,CCYY,Units,Normal value,Public,30.25,35.25,23.5,17.0,14.5,33.5,16.33,23.5,18.25,26.0,71.06,69.95,71.3,70.97,69.91,69.91,69.05,67.94,67.32,58.79,61.57,55.95,51.36
datastructure,WB.DATA360:DS_DATA360(1.2),I,A,CPV,RWB_PFI_SCORE,_Z,_Z,_Z,SCORE,_Z,_Z,_Z,NUMBER,RWB_PFI,602,0,RWB_PFI,PU,A,Annual,Cabo Verde,Press Freedom Index Score,Not applicable,Not applicable,Not applicable,Score,Not Applicable,Not Applicable,Not Applicable,Number (real number),Press Freedom Index,CCYY,Units,Normal value,Public,13.75,8.25,8.75,6.0,11.5,14.0,8.0,11.0,8.0,-6.0,85.67,85.68,79.31,80.18,81.98,79.61,80.19,79.85,79.91,75.37,75.72,72.77,74.98
datastructure,WB.DATA360:DS_DATA360(1.2),I,A,ESP,RWB_PFI_SCORE,_Z,_Z,_Z,SCORE,_Z,_Z,_Z,NUMBER,RWB_PFI,602,0,RWB_PFI,PU,A,Annual,Spain,Press Freedom Index Score,Not applicable,Not applicable,Not applicable,Score,Not Applicable,Not Applicable,Not Applicable,Number (real number),Press Freedom Index,CCYY,Units,Normal value,Public,7.75,7.67,9.0,8.33,10.0,10.25,8.0,11.0,12.25,9.75,79.5,79.37,80.05,80.08,81.31,79.49,78.01,77.84,79.56,76.71,75.37,76.01,77.35
datastructure,WB.DATA360:DS_DATA360(1.2),I,A,URY,RWB_PFI_SCORE,_Z,_Z,_Z,SCORE,_Z,_Z,_Z,NUMBER,RWB_PFI,602,0,RWB_PFI,PU,A,Annual,Uruguay,Press Freedom Index Score,Not applicable,Not applicable,Not applicable,Score,Not Applicable,Not Applicable,Not Applicable,Number (real number),Press Freedom Index,CCYY,Units,Normal value,Public,6.0,4.0,10.0,9.75,13.75,11.75,8.33,7.625,11.75,4.25,84.08,83.92,84.06,84.12,82.57,84.44,83.94,84.21,83.62,72.03,70.33,67.7,65.18
datastructure,WB.DATA360:DS_DATA360(1.2),I,A,SEN,RWB_PFI_SCORE,_Z,_Z,_Z,SCORE,_Z,_Z,_Z,NUMBER,RWB_PFI,602,0,RWB_PFI,PU,A,Annual,Senegal,Press Freedom Index Score,Not applicable,Not applicable,Not applicable,Score,Not Applicable,Not Applicable,Not Applicable,Number (real number),Press Freedom Index,CCYY,Units,Normal value,Public,14.0,14.5,21.5,19.0,17.5,25.0,19.0,22.0,25.0,26.0,73.81,73.32,72.23,72.01,73.28,74.39,74.19,76.01,74.78,63.07,55.82,55.44,59.43
datastructure,WB.DATA360:DS_DATA360(1.2),I,A,MKD,RWB_PFI_SCORE,_Z,_Z,_Z,SCORE,_Z,_Z,_Z,NUMBER,RWB_PFI,602,0,RWB_PFI,PU,A,Annual,North Macedonia,Press Freedom Index Score,Not applicable,Not applicable,Not applicable,Score,Not Applicable,Not Applicable,Not Applicable,Number (real number),Press Freedom Index,CCYY,Units,Normal value,Public,,9.67,11.25,8.75,11.5,11.5,8.25,8.75,18.4,31.67,65.73,63.57,63.74,63.91,64.26,67.57,68.34,68.72,68.33,68.44,74.35,73.78,70.44
datastructure,WB.DATA360:DS_DATA360(1.2),I,A,AFG,RWB_PFI_SCORE,_Z,_Z,_Z,SCORE,_Z,_Z,_Z,NUMBER,RWB_PFI,602,0,RWB_PFI,PU,A,Annual,Afghanistan,Press Freedom Index Score,Not applicable,Not applicable,Not applicable,Score,Not Applicable,Not Applicable,Not Applicable,Number (real number),Press Freedom Index,CCYY,Units,Normal value,Public,35.5,40.17,28.25,39.17,44.25,56.5,59.25,54.25,51.67,74.0,62.64,62.93,62.56,62.25,60.54,62.72,63.45,62.3,59.81,38.27,39.75,19.09,17.88
datastructure,WB.DATA360:DS_DATA360(1.2),I,A,AUS,RWB_PFI_SCORE,_Z,_Z,_Z,SCORE,_Z,_Z,_Z,NUMBER,RWB_PFI,602,0,RWB_PFI,PU,A,Annual,Australia,Press Freedom Index Score,Not applicable,Not applicable,Not applicable,Score,Not Applicable,Not Applicable,Not Applicable,Number (real number),Press Freedom Index,CCYY,Units,Normal value,Public,3.5,9.25,9.5,6.5,9.0,8.79,6.25,3.125,5.38,4.0,84.76,83.09,82.97,82.16,83.98,84.54,83.45,79.79,80.21,73.77,78.24,73.42,75.15
datastructure,WB.DATA360:DS_DATA360(1.2),I,A,SLV,RWB_PFI_SCORE,_Z,_Z,_Z,SCORE,_Z,_Z,_Z,NUMBER,RWB_PFI,602,0,RWB_PFI,PU,A,Annual,El Salvador,Press Freedom Index Score,Not applicable,Not applicable,Not applicable,Score,Not Applicable,Not Applicable,Not Applicable,Number (real number),Press Freedom Index,CCYY,Units,Normal value,Public,8.75,6.83,6.0,5.75,10.0,20.2,12.8,17.25,15.83,9.3,77.14,78.43,76.34,72.8,72.76,72.22,70.19,70.3,69.51,54.09,51.36,44.01,41.19
datastructure,WB.DATA360:DS_DATA360(1.2),I,A,RUS,RWB_PFI_SCORE,_Z,_Z,_Z,SCORE,_Z,_Z,_Z,NUMBER,RWB_PFI,602,0,RWB_PFI,PU,A,Annual,Russian Federation,Press Freedom Index Score,Not applicable,Not applicable,Not applicable,Score,Not Applicable,Not Applicable,Not Applicable,Number (real number),Press Freedom Index,CCYY,Units,Normal value,Public,48.0,49.5,51.38,48.67,52.5,56.9,47.5,60.875,49.9,66.0,56.58,57.22,55.03,50.97,50.55,50.04,49.69,51.08,51.29,38.82,34.77,29.86,24.57
datastructure,WB.DATA360:DS_DATA360(1.2),I,A,OMN,RWB_PFI_SCORE,_Z,_Z,_Z,SCORE,_Z,_Z,_Z,NUMBER,RWB_PFI,602,0,RWB_PFI,PU,A,Annual,Oman,Press Freedom Index Score,Not applicable,Not applicable,Not applicable,Score,Not Applicable,Not Applicable,Not Applicable,Number (real number),Press Freedom Index,CCYY,Units,Normal value,Public,,57.75,,,,,32.67,29.5,40.25,55.0,58.49,61.17,61.17,59.57,59.54,59.33,56.58,56.58,56.63,35.99,37.87,42.52,42.29
datastructure,WB.DATA360:DS_DATA360(1.2),I,A,USA,RWB_PFI_SCORE,_Z,_Z,_Z,SCORE,_Z,_Z,_Z,NUMBER,RWB_PFI,602,0,RWB_PFI,PU,A,Annual,United States,Press Freedom Index Score,Not applicable,Not applicable,Not applicable,Score,Not Applicable,Not Applicable,Not Applicable,Number (real number),Press Freedom Index,CCYY,Units,Normal value,Public,4.75,,,,,,,,,,81.78,76.51,75.59,77.51,76.12,76.27,74.31,76.15,76.07,72.74,71.22,66.59,65.487
datastructure,WB.DATA360:DS_DATA360(1.2),I,A,BEL,RWB_PFI_SCORE,_Z,_Z,_Z,SCORE,_Z,_Z,_Z,NUMBER,RWB_PFI,602,0,RWB_PFI,PU,A,Annual,Belgium,Press Freedom Index Score,Not applicable,Not applicable,Not applicable,Score,Not Applicable,Not Applicable,Not Applicable,Number (real number),Press Freedom Index,CCYY,Units,Normal value,Public,3.5,1.17,4.0,4.0,4.0,1.5,3.0,2.5,4.0,-2.0,87.06,87.2,88.02,85.82,87.25,86.84,87.93,87.43,88.31,78.86,76.47,81.49,80.12
datastructure,WB.DATA360:DS_DATA360(1.2),I,A,GNQ,RWB_PFI_SCORE,_Z,_Z,_Z,SCORE,_Z,_Z,_Z,NUMBER,RWB_PFI,602,0,RWB_PFI,PU,A,Annual,Equatorial Guinea,Press Freedom Index Score,Not applicable,Not applicable,Not applicable,Score,Not Applicable,Not Applicable,Not Applicable,Number (real number),Press Freedom Index,CCYY,Units,Normal value,Public,42.75,44.75,46.25,44.0,48.0,65.25,59.25,65.5,79.0,86.0,32.8,32.05,33.77,33.53,33.53,33.53,41.65,43.62,44.33,43.96,50.35,46.49,48.68
datastructure,WB.DATA360:DS_DATA360(1.2),I,A,PRK,RWB_PFI_SCORE,_Z,_Z,_Z,SCORE,_Z,_Z,_Z,NUMBER,RWB_PFI,602,0,RWB_PFI,PU,A,Annual,"Korea, Dem. People's Rep.",Press Freedom Index Score,Not applicable,Not applicable,Not applicable,Score,Not Applicable,Not Applicable,Not Applicable,Number (real number),Press Freedom Index,CCYY,Units,Normal value,Public,97.5,99.5,107.5,109.0,109.0,108.75,96.5,112.5,104.75,141.0,16.1,18.04,16.75,16.24,15.02,11.13,16.6,14.18,18.72,13.92,21.72,20.66,12.64
datastructure,WB.DATA360:DS_DATA360(1.2),I,A,BIH,RWB_PFI_SCORE,_Z,_Z,_Z,SCORE,_Z,_Z,_Z,NUMBER,RWB_PFI,602,0,RWB_PFI,PU,A,Annual,Bosnia and Herzegovina,Press Freedom Index Score,Not applicable,Not applicable,Not applicable,Score,Not Applicable,Not Applicable,Not Applicable,Number (real number),Press Freedom Index,CCYY,Units,Normal value,Public,12.5,6.83,3.67,7.0,5.0,11.17,8.0,10.5,13.5,19.5,73.14,73.14,72.49,71.55,72.17,72.63,70.98,71.49,71.66,65.64,65.43,58.85,56.33
datastructure,WB.DATA360:DS_DATA360(1.2),I,A,PRY,RWB_PFI_SCORE,_Z,_Z,_Z,SCORE,_Z,_Z,_Z,NUMBER,RWB_PFI,602,0,RWB_PFI,PU,A,Annual,Paraguay,Press Freedom Index Score,Not applicable,Not applicable,Not applicable,Score,Not Applicable,Not Applicable,Not Applicable,Number (real number),Press Freedom Index,CCYY,Units,Normal value,Public,8.5,7.17,10.5,15.5,18.25,26.1,20.5,14.33333333,16.25,29.0,71.22,68.19,66.26,66.37,64.36,67.68,67.6,67.03,66.48,58.36,55.96,50.48,56.84
datastructure,WB.DATA360:DS_DATA360(1.2),I,A,LUX,RWB_PFI_SCORE,_Z,_Z,_Z,SCORE,_Z,_Z,_Z,NUMBER,RWB_PFI,602,0,RWB_PFI,PU,A,Annual,Luxembourg,Press Freedom Index Score,Not applicable,Not applicable,Not applicable,Score,Not Applicable,Not Applicable,Not Applicable,Number (real number),Press Freedom Index,CCYY,Units,Normal value,Public,,,,,,,1.5,4.0,4.0,-7.0,93.32,93.3,86.39,85.57,85.28,85.28,84.34,84.54,82.44,79.81,81.98,83.8,83.04
